task,split,image_id
gender,train,OAS30484_MR_d2273
gender,train,OAS30184_MR_d3157
gender,train,OAS30115_MR_d1660
gender,train,OAS30283_MR_d0064
gender,train,OAS30051_MR_d0200
gender,train,OAS30051_MR_d1286
gender,train,OAS30006_MR_d0166
gender,train,OAS30001_MR_d0129
gender,train,OAS30001_MR_d0757
gender,train,OAS30118_MR_d0000
gender,train,OAS30259_MR_d0000
gender,train,OAS30017_MR_d0054
gender,train,OAS30001_MR_d3132
gender,train,OAS30006_MR_d0373
gender,train,OAS30118_MR_d1663
gender,train,OAS30188_MR_d0246
gender,train,OAS30120_MR_d0784
gender,train,OAS30261_MR_d0785
gender,train,OAS30259_MR_d0679
gender,train,OAS30189_MR_d1220
gender,train,OAS30261_MR_d1892
gender,train,OAS30055_MR_d0065
gender,train,OAS30188_MR_d1788
gender,train,OAS30006_MR_d1308
gender,train,OAS30001_MR_d2430
gender,train,OAS30189_MR_d0072
gender,train,OAS30188_MR_d3844
gender,train,OAS30055_MR_d0566
gender,train,OAS30056_MR_d3491
gender,train,OAS30001_MR_d4467
gender,train,OAS30006_MR_d2341
gender,train,OAS30121_MR_d0768
gender,train,OAS30125_MR_d0201
gender,train,OAS30191_MR_d1136
gender,train,OAS30057_MR_d0075
gender,train,OAS30121_MR_d2392
gender,train,OAS30060_MR_d0074
gender,train,OAS30126_MR_d1105
gender,train,OAS30262_MR_d0037
gender,train,OAS30191_MR_d2352
gender,train,OAS30262_MR_d0839
gender,train,OAS30006_MR_d4440
gender,train,OAS30059_MR_d0230
gender,train,OAS30001_MR_d3746
gender,train,OAS30059_MR_d1188
gender,train,OAS30262_MR_d1868
gender,train,OAS30194_MR_d8874
gender,train,OAS30194_MR_d5837
gender,train,OAS30007_MR_d0061
gender,train,OAS30126_MR_d3465
gender,train,OAS30127_MR_d0110
gender,train,OAS30006_MR_d2342
gender,train,OAS30020_MR_d0911
gender,train,OAS30126_MR_d2361
gender,train,OAS30127_MR_d0098
gender,train,OAS30194_MR_d8881
gender,train,OAS30194_MR_d6419
gender,train,OAS30002_MR_d0371
gender,train,OAS30002_MR_d0653
gender,train,OAS30020_MR_d0092
gender,train,OAS30126_MR_d2849
gender,train,OAS30262_MR_d2666
gender,train,OAS30194_MR_d6605
gender,train,OAS30194_MR_d7432
gender,train,OAS30127_MR_d0837
gender,train,OAS30194_MR_d9317
gender,train,OAS30022_MR_d1324
gender,train,OAS30007_MR_d1641
gender,train,OAS30015_MR_d1374
gender,train,OAS30127_MR_d2279
gender,train,OAS30015_MR_d2004
gender,train,OAS30002_MR_d1680
gender,train,OAS30002_MR_d2340
gender,train,OAS30002_MR_d2345
gender,train,OAS30003_MR_d0558
gender,train,OAS30003_MR_d1631
gender,train,OAS30003_MR_d2669
gender,train,OAS30003_MR_d2682
gender,train,OAS30003_MR_d3320
gender,train,OAS30003_MR_d3731
gender,train,OAS30003_MR_d4954
gender,train,OAS30004_MR_d1101
gender,train,OAS30004_MR_d2229
gender,train,OAS30004_MR_d2232
gender,train,OAS30004_MR_d3457
gender,train,OAS30004_MR_d4700
gender,train,OAS30007_MR_d1981
gender,train,OAS30007_MR_d3807
gender,train,OAS30009_MR_d0148
gender,train,OAS30009_MR_d1210
gender,train,OAS30009_MR_d2457
gender,train,OAS30009_MR_d3534
gender,train,OAS30010_MR_d0068
gender,train,OAS30010_MR_d1514
gender,train,OAS30010_MR_d1515
gender,train,OAS30011_MR_d0055
gender,train,OAS30011_MR_d1671
gender,train,OAS30012_MR_d0124
gender,train,OAS30012_MR_d0581
gender,train,OAS30013_MR_d0102
gender,train,OAS30013_MR_d1216
gender,train,OAS30014_MR_d0196
gender,train,OAS30014_MR_d1176
gender,train,OAS30015_MR_d0116
gender,train,OAS30015_MR_d0788
gender,train,OAS30025_MR_d0210
gender,train,OAS30025_MR_d2298
gender,train,OAS30026_MR_d0129
gender,train,OAS30026_MR_d0696
gender,train,OAS30028_MR_d0043
gender,train,OAS30028_MR_d1260
gender,train,OAS30028_MR_d1847
gender,train,OAS30029_MR_d0131
gender,train,OAS30031_MR_d0427
gender,train,OAS30032_MR_d0262
gender,train,OAS30032_MR_d1661
gender,train,OAS30032_MR_d3499
gender,train,OAS30033_MR_d0133
gender,train,OAS30033_MR_d1267
gender,train,OAS30035_MR_d2218
gender,train,OAS30035_MR_d3850
gender,train,OAS30038_MR_d1214
gender,train,OAS30038_MR_d2242
gender,train,OAS30038_MR_d3376
gender,train,OAS30038_MR_d4495
gender,train,OAS30038_MR_d5769
gender,train,OAS30038_MR_d5770
gender,train,OAS30039_MR_d0103
gender,train,OAS30039_MR_d1203
gender,train,OAS30041_MR_d6548
gender,train,OAS30042_MR_d0067
gender,train,OAS30043_MR_d0145
gender,train,OAS30044_MR_d0054
gender,train,OAS30044_MR_d0061
gender,train,OAS30044_MR_d1319
gender,train,OAS30048_MR_d0983
gender,train,OAS30048_MR_d2292
gender,train,OAS30048_MR_d3367
gender,train,OAS30048_MR_d3375
gender,train,OAS30048_MR_d3731
gender,train,OAS30048_MR_d4459
gender,train,OAS30048_MR_d5643
gender,train,OAS30049_MR_d0013
gender,train,OAS30049_MR_d1633
gender,train,OAS30049_MR_d2933
gender,train,OAS30064_MR_d0687
gender,train,OAS30065_MR_d0548
gender,train,OAS30065_MR_d2009
gender,train,OAS30066_MR_d0524
gender,train,OAS30066_MR_d2006
gender,train,OAS30066_MR_d2740
gender,train,OAS30067_MR_d0057
gender,train,OAS30070_MR_d0070
gender,train,OAS30071_MR_d0018
gender,train,OAS30071_MR_d0055
gender,train,OAS30071_MR_d1627
gender,train,OAS30073_MR_d0033
gender,train,OAS30073_MR_d1587
gender,train,OAS30073_MR_d2042
gender,train,OAS30073_MR_d2851
gender,train,OAS30073_MR_d3670
gender,train,OAS30073_MR_d4456
gender,train,OAS30074_MR_d0049
gender,train,OAS30074_MR_d1871
gender,train,OAS30074_MR_d2812
gender,train,OAS30077_MR_d0944
gender,train,OAS30078_MR_d0210
gender,train,OAS30080_MR_d0048
gender,train,OAS30080_MR_d1318
gender,train,OAS30080_MR_d2281
gender,train,OAS30082_MR_d1700
gender,train,OAS30083_MR_d0465
gender,train,OAS30083_MR_d2882
gender,train,OAS30083_MR_d3827
gender,train,OAS30084_MR_d0470
gender,train,OAS30084_MR_d1360
gender,train,OAS30085_MR_d1566
gender,train,OAS30131_MR_d0632
gender,train,OAS30131_MR_d1901
gender,train,OAS30133_MR_d0505
gender,train,OAS30134_MR_d0080
gender,train,OAS30134_MR_d1642
gender,train,OAS30134_MR_d2927
gender,train,OAS30135_MR_d0190
gender,train,OAS30135_MR_d0341
gender,train,OAS30135_MR_d1000
gender,train,OAS30135_MR_d2357
gender,train,OAS30135_MR_d2367
gender,train,OAS30135_MR_d2799
gender,train,OAS30135_MR_d2931
gender,train,OAS30136_MR_d0063
gender,train,OAS30137_MR_d3165
gender,train,OAS30137_MR_d3907
gender,train,OAS30137_MR_d4208
gender,train,OAS30137_MR_d4525
gender,train,OAS30137_MR_d5772
gender,train,OAS30139_MR_d0101
gender,train,OAS30139_MR_d1702
gender,train,OAS30140_MR_d0172
gender,train,OAS30141_MR_d0544
gender,train,OAS30141_MR_d1306
gender,train,OAS30141_MR_d2512
gender,train,OAS30242_MR_d0137
gender,train,OAS30242_MR_d1138
gender,train,OAS30243_MR_d0034
gender,train,OAS30244_MR_d0104
gender,train,OAS30244_MR_d1526
gender,train,OAS30245_MR_d0506
gender,train,OAS30245_MR_d1548
gender,train,OAS30250_MR_d0389
gender,train,OAS30250_MR_d1233
gender,train,OAS30250_MR_d1722
gender,train,OAS30250_MR_d3004
gender,train,OAS30251_MR_d0220
gender,train,OAS30251_MR_d2067
gender,train,OAS30251_MR_d2954
gender,train,OAS30252_MR_d0119
gender,train,OAS30087_MR_d0260
gender,train,OAS30089_MR_d0001
gender,train,OAS30090_MR_d0118
gender,train,OAS30090_MR_d1294
gender,train,OAS30090_MR_d2676
gender,train,OAS30091_MR_d0092
gender,train,OAS30093_MR_d0056
gender,train,OAS30093_MR_d0070
gender,train,OAS30093_MR_d1192
gender,train,OAS30094_MR_d0140
gender,train,OAS30094_MR_d0679
gender,train,OAS30096_MR_d0024
gender,train,OAS30096_MR_d2948
gender,train,OAS30097_MR_d0504
gender,train,OAS30097_MR_d2551
gender,train,OAS30097_MR_d3787
gender,train,OAS30097_MR_d3788
gender,train,OAS30098_MR_d0036
gender,train,OAS30099_MR_d0032
gender,train,OAS30102_MR_d0024
gender,train,OAS30102_MR_d1505
gender,train,OAS30103_MR_d3306
gender,train,OAS30103_MR_d4255
gender,train,OAS30103_MR_d7334
gender,train,OAS30104_MR_d0328
gender,train,OAS30106_MR_d2982
gender,train,OAS30106_MR_d4675
gender,train,OAS30107_MR_d0387
gender,train,OAS30107_MR_d0940
gender,train,OAS30107_MR_d2765
gender,train,OAS30108_MR_d0168
gender,train,OAS30108_MR_d1062
gender,train,OAS30108_MR_d2066
gender,train,OAS30109_MR_d0270
gender,train,OAS30109_MR_d0432
gender,train,OAS30109_MR_d0997
gender,train,OAS30109_MR_d2310
gender,train,OAS30109_MR_d2320
gender,train,OAS30109_MR_d4518
gender,train,OAS30112_MR_d0091
gender,train,OAS30112_MR_d0098
gender,train,OAS30112_MR_d0259
gender,train,OAS30112_MR_d1196
gender,train,OAS30113_MR_d1301
gender,train,OAS30113_MR_d2280
gender,train,OAS30113_MR_d3502
gender,train,OAS30113_MR_d4047
gender,train,OAS30113_MR_d4437
gender,train,OAS30113_MR_d5558
gender,train,OAS30113_MR_d5592
gender,train,OAS30114_MR_d0086
gender,train,OAS30115_MR_d0138
gender,train,OAS30128_MR_d0044
gender,train,OAS30130_MR_d0025
gender,train,OAS30131_MR_d0086
gender,train,OAS30142_MR_d0075
gender,train,OAS30142_MR_d1279
gender,train,OAS30143_MR_d2235
gender,train,OAS30143_MR_d3507
gender,train,OAS30143_MR_d3509
gender,train,OAS30143_MR_d3856
gender,train,OAS30143_MR_d4041
gender,train,OAS30144_MR_d1204
gender,train,OAS30149_MR_d0051
gender,train,OAS30149_MR_d1240
gender,train,OAS30150_MR_d0100
gender,train,OAS30151_MR_d0064
gender,train,OAS30155_MR_d0785
gender,train,OAS30155_MR_d1934
gender,train,OAS30157_MR_d0889
gender,train,OAS30157_MR_d1428
gender,train,OAS30157_MR_d2674
gender,train,OAS30159_MR_d0110
gender,train,OAS30160_MR_d0099
gender,train,OAS30160_MR_d0751
gender,train,OAS30160_MR_d2392
gender,train,OAS30160_MR_d3534
gender,train,OAS30161_MR_d0297
gender,train,OAS30161_MR_d2517
gender,train,OAS30167_MR_d0111
gender,train,OAS30219_MR_d2184
gender,train,OAS30220_MR_d0104
gender,train,OAS30220_MR_d1165
gender,train,OAS30220_MR_d2246
gender,train,OAS30221_MR_d0079
gender,train,OAS30221_MR_d1143
gender,train,OAS30221_MR_d2358
gender,train,OAS30222_MR_d1000
gender,train,OAS30223_MR_d0455
gender,train,OAS30223_MR_d1235
gender,train,OAS30224_MR_d0556
gender,train,OAS30226_MR_d0183
gender,train,OAS30227_MR_d0000
gender,train,OAS30231_MR_d1469
gender,train,OAS30231_MR_d2510
gender,train,OAS30231_MR_d3617
gender,train,OAS30231_MR_d3630
gender,train,OAS30232_MR_d0120
gender,train,OAS30232_MR_d0695
gender,train,OAS30232_MR_d2324
gender,train,OAS30233_MR_d3867
gender,train,OAS30233_MR_d5295
gender,train,OAS30234_MR_d1119
gender,train,OAS30234_MR_d2098
gender,train,OAS30236_MR_d0088
gender,train,OAS30238_MR_d0037
gender,train,OAS30240_MR_d0865
gender,train,OAS30240_MR_d1871
gender,train,OAS30240_MR_d3483
gender,train,OAS30240_MR_d3487
gender,train,OAS30240_MR_d3843
gender,train,OAS30240_MR_d4197
gender,train,OAS30240_MR_d4844
gender,train,OAS30240_MR_d5621
gender,train,OAS30241_MR_d0170
gender,train,OAS30241_MR_d1203
gender,train,OAS30241_MR_d1706
gender,train,OAS30241_MR_d3605
gender,train,OAS30241_MR_d4514
gender,train,OAS30171_MR_d0139
gender,train,OAS30172_MR_d0028
gender,train,OAS30173_MR_d1188
gender,train,OAS30173_MR_d3030
gender,train,OAS30173_MR_d3841
gender,train,OAS30174_MR_d0582
gender,train,OAS30175_MR_d0349
gender,train,OAS30175_MR_d1091
gender,train,OAS30175_MR_d3219
gender,train,OAS30176_MR_d0000
gender,train,OAS30178_MR_d0516
gender,train,OAS30178_MR_d1384
gender,train,OAS30178_MR_d2443
gender,train,OAS30178_MR_d2455
gender,train,OAS30178_MR_d2794
gender,train,OAS30178_MR_d3500
gender,train,OAS30178_MR_d4730
gender,train,OAS30179_MR_d0061
gender,train,OAS30181_MR_d0058
gender,train,OAS30181_MR_d1227
gender,train,OAS30182_MR_d0094
gender,train,OAS30182_MR_d0101
gender,train,OAS30182_MR_d1397
gender,train,OAS30182_MR_d2289
gender,train,OAS30184_MR_d0169
gender,train,OAS30184_MR_d0876
gender,train,OAS30194_MR_d9443
gender,train,OAS30197_MR_d0115
gender,train,OAS30201_MR_d0077
gender,train,OAS30203_MR_d0203
gender,train,OAS30203_MR_d0802
gender,train,OAS30203_MR_d2881
gender,train,OAS30205_MR_d0061
gender,train,OAS30206_MR_d0306
gender,train,OAS30206_MR_d1036
gender,train,OAS30206_MR_d2303
gender,train,OAS30206_MR_d3024
gender,train,OAS30207_MR_d0346
gender,train,OAS30207_MR_d2812
gender,train,OAS30208_MR_d0436
gender,train,OAS30208_MR_d1703
gender,train,OAS30208_MR_d2442
gender,train,OAS30208_MR_d3143
gender,train,OAS30209_MR_d0609
gender,train,OAS30209_MR_d1976
gender,train,OAS30211_MR_d0046
gender,train,OAS30211_MR_d1239
gender,train,OAS30211_MR_d2380
gender,train,OAS30212_MR_d0091
gender,train,OAS30212_MR_d0753
gender,train,OAS30212_MR_d3043
gender,train,OAS30214_MR_d4464
gender,train,OAS30215_MR_d0098
gender,train,OAS30216_MR_d2849
gender,train,OAS30216_MR_d3830
gender,train,OAS30217_MR_d0077
gender,train,OAS30218_MR_d0092
gender,train,OAS30218_MR_d0841
gender,train,OAS30219_MR_d0064
gender,train,OAS30219_MR_d1184
gender,train,OAS30254_MR_d0057
gender,train,OAS30255_MR_d0019
gender,train,OAS30256_MR_d0000
gender,train,OAS30256_MR_d1284
gender,train,OAS30256_MR_d2368
gender,train,OAS30256_MR_d3588
gender,train,OAS30264_MR_d0466
gender,train,OAS30265_MR_d0192
gender,train,OAS30266_MR_d0486
gender,train,OAS30268_MR_d0096
gender,train,OAS30269_MR_d0052
gender,train,OAS30270_MR_d0070
gender,train,OAS30272_MR_d0057
gender,train,OAS30272_MR_d2456
gender,train,OAS30272_MR_d3087
gender,train,OAS30290_MR_d0000
gender,train,OAS30273_MR_d0461
gender,train,OAS30273_MR_d1591
gender,train,OAS30273_MR_d2304
gender,train,OAS30275_MR_d0280
gender,train,OAS30275_MR_d1006
gender,train,OAS30276_MR_d1200
gender,train,OAS30276_MR_d2405
gender,train,OAS30276_MR_d2408
gender,train,OAS30276_MR_d3217
gender,train,OAS30277_MR_d0198
gender,train,OAS30278_MR_d0028
gender,train,OAS30278_MR_d1325
gender,train,OAS30279_MR_d0136
gender,train,OAS30280_MR_d0085
gender,train,OAS30280_MR_d0667
gender,train,OAS30280_MR_d1647
gender,train,OAS30281_MR_d0042
gender,train,OAS30282_MR_d0040
gender,train,OAS30283_MR_d0797
gender,train,OAS30283_MR_d2660
gender,train,OAS30283_MR_d3342
gender,train,OAS30283_MR_d3737
gender,train,OAS30284_MR_d0094
gender,train,OAS30284_MR_d1633
gender,train,OAS30284_MR_d3510
gender,train,OAS30284_MR_d4667
gender,train,OAS30285_MR_d0055
gender,train,OAS30286_MR_d0047
gender,train,OAS30287_MR_d0890
gender,train,OAS30288_MR_d0897
gender,train,OAS30288_MR_d4509
gender,train,OAS30291_MR_d0078
gender,train,OAS30291_MR_d1979
gender,train,OAS30291_MR_d3148
gender,train,OAS30293_MR_d0056
gender,train,OAS30293_MR_d1221
gender,train,OAS30297_MR_d0105
gender,train,OAS30297_MR_d1712
gender,train,OAS30297_MR_d2331
gender,train,OAS30298_MR_d0292
gender,train,OAS30302_MR_d0262
gender,train,OAS30304_MR_d0027
gender,train,OAS30304_MR_d1272
gender,train,OAS30306_MR_d0028
gender,train,OAS30306_MR_d0473
gender,train,OAS30306_MR_d0678
gender,train,OAS30307_MR_d0032
gender,train,OAS30307_MR_d2362
gender,train,OAS30308_MR_d0423
gender,train,OAS30309_MR_d0094
gender,train,OAS30311_MR_d0127
gender,train,OAS30312_MR_d0068
gender,train,OAS30313_MR_d0048
gender,train,OAS30316_MR_d0018
gender,train,OAS30319_MR_d0043
gender,train,OAS30320_MR_d0136
gender,train,OAS30320_MR_d1740
gender,train,OAS30321_MR_d0075
gender,train,OAS30321_MR_d1988
gender,train,OAS30321_MR_d3003
gender,train,OAS30322_MR_d0173
gender,train,OAS30322_MR_d0645
gender,train,OAS30322_MR_d1630
gender,train,OAS30322_MR_d3851
gender,train,OAS30322_MR_d5194
gender,train,OAS30323_MR_d0836
gender,train,OAS30324_MR_d0119
gender,train,OAS30324_MR_d0959
gender,train,OAS30324_MR_d2433
gender,train,OAS30325_MR_d0032
gender,train,OAS30326_MR_d0189
gender,train,OAS30327_MR_d0281
gender,train,OAS30329_MR_d0376
gender,train,OAS30331_MR_d2229
gender,train,OAS30331_MR_d2824
gender,train,OAS30331_MR_d3478
gender,train,OAS30331_MR_d4694
gender,train,OAS30375_MR_d5792
gender,train,OAS30375_MR_d6879
gender,train,OAS30376_MR_d0082
gender,train,OAS30377_MR_d0048
gender,train,OAS30378_MR_d0204
gender,train,OAS30380_MR_d3446
gender,train,OAS30381_MR_d1158
gender,train,OAS30333_MR_d0093
gender,train,OAS30333_MR_d2005
gender,train,OAS30333_MR_d2008
gender,train,OAS30333_MR_d2457
gender,train,OAS30333_MR_d2891
gender,train,OAS30333_MR_d2985
gender,train,OAS30333_MR_d4277
gender,train,OAS30333_MR_d4347
gender,train,OAS30341_MR_d0025
gender,train,OAS30342_MR_d0001
gender,train,OAS30342_MR_d0429
gender,train,OAS30343_MR_d2141
gender,train,OAS30343_MR_d2820
gender,train,OAS30343_MR_d4178
gender,train,OAS30343_MR_d4900
gender,train,OAS30347_MR_d2615
gender,train,OAS30347_MR_d3101
gender,train,OAS30349_MR_d0699
gender,train,OAS30349_MR_d3241
gender,train,OAS30350_MR_d0018
gender,train,OAS30350_MR_d0509
gender,train,OAS30350_MR_d1201
gender,train,OAS30351_MR_d0037
gender,train,OAS30351_MR_d2542
gender,train,OAS30354_MR_d0056
gender,train,OAS30355_MR_d0048
gender,train,OAS30355_MR_d0861
gender,train,OAS30356_MR_d0714
gender,train,OAS30357_MR_d0521
gender,train,OAS30357_MR_d0535
gender,train,OAS30357_MR_d1195
gender,train,OAS30357_MR_d1820
gender,train,OAS30358_MR_d0367
gender,train,OAS30359_MR_d0069
gender,train,OAS30362_MR_d0032
gender,train,OAS30363_MR_d0087
gender,train,OAS30363_MR_d0880
gender,train,OAS30363_MR_d2626
gender,train,OAS30363_MR_d2701
gender,train,OAS30364_MR_d0110
gender,train,OAS30365_MR_d5600
gender,train,OAS30365_MR_d6199
gender,train,OAS30369_MR_d2819
gender,train,OAS30369_MR_d4058
gender,train,OAS30369_MR_d4921
gender,train,OAS30369_MR_d5872
gender,train,OAS30369_MR_d5880
gender,train,OAS30369_MR_d6215
gender,train,OAS30369_MR_d6992
gender,train,OAS30371_MR_d0338
gender,train,OAS30371_MR_d0981
gender,train,OAS30371_MR_d1400
gender,train,OAS30373_MR_d0048
gender,train,OAS30373_MR_d1211
gender,train,OAS30383_MR_d0134
gender,train,OAS30385_MR_d0112
gender,train,OAS30386_MR_d0055
gender,train,OAS30388_MR_d0073
gender,train,OAS30390_MR_d0346
gender,train,OAS30390_MR_d2428
gender,train,OAS30391_MR_d0192
gender,train,OAS30392_MR_d0730
gender,train,OAS30392_MR_d1682
gender,train,OAS30392_MR_d3145
gender,train,OAS30393_MR_d6201
gender,train,OAS30393_MR_d6803
gender,train,OAS30393_MR_d7726
gender,train,OAS30393_MR_d8651
gender,train,OAS30395_MR_d0002
gender,train,OAS30395_MR_d1241
gender,train,OAS30396_MR_d0037
gender,train,OAS30398_MR_d0051
gender,train,OAS30399_MR_d0380
gender,train,OAS30399_MR_d1220
gender,train,OAS30399_MR_d2293
gender,train,OAS30400_MR_d0070
gender,train,OAS30400_MR_d1134
gender,train,OAS30401_MR_d0106
gender,train,OAS30402_MR_d0015
gender,train,OAS30402_MR_d1085
gender,train,OAS30402_MR_d1645
gender,train,OAS30402_MR_d2442
gender,train,OAS30405_MR_d1883
gender,train,OAS30406_MR_d0084
gender,train,OAS30408_MR_d1193
gender,train,OAS30410_MR_d0034
gender,train,OAS30412_MR_d6024
gender,train,OAS30413_MR_d0561
gender,train,OAS30413_MR_d1533
gender,train,OAS30415_MR_d0784
gender,train,OAS30416_MR_d0044
gender,train,OAS30417_MR_d0093
gender,train,OAS30417_MR_d2265
gender,train,OAS30418_MR_d0069
gender,train,OAS30418_MR_d0803
gender,train,OAS30418_MR_d2687
gender,train,OAS30419_MR_d0621
gender,train,OAS30419_MR_d1139
gender,train,OAS30419_MR_d2360
gender,train,OAS30419_MR_d3307
gender,train,OAS30419_MR_d4608
gender,train,OAS30420_MR_d2792
gender,train,OAS30420_MR_d3746
gender,train,OAS30421_MR_d2605
gender,train,OAS30422_MR_d0099
gender,train,OAS30422_MR_d0104
gender,train,OAS30423_MR_d0067
gender,train,OAS30423_MR_d1267
gender,train,OAS30423_MR_d2099
gender,train,OAS30427_MR_d4348
gender,train,OAS30427_MR_d5636
gender,train,OAS30427_MR_d5637
gender,train,OAS30428_MR_d0133
gender,train,OAS30429_MR_d0055
gender,train,OAS30430_MR_d0055
gender,train,OAS30430_MR_d0909
gender,train,OAS30434_MR_d0054
gender,train,OAS30484_MR_d0056
gender,train,OAS30624_MR_d0035
gender,train,OAS30644_MR_d0136
gender,train,OAS30683_MR_d1337
gender,train,OAS30695_MR_d0104
gender,train,OAS30436_MR_d0388
gender,train,OAS30440_MR_d0163
gender,train,OAS30441_MR_d0053
gender,train,OAS30443_MR_d1480
gender,train,OAS30443_MR_d2432
gender,train,OAS30447_MR_d0120
gender,train,OAS30448_MR_d0101
gender,train,OAS30449_MR_d0000
gender,train,OAS30449_MR_d0620
gender,train,OAS30449_MR_d2359
gender,train,OAS30449_MR_d2433
gender,train,OAS30450_MR_d0034
gender,train,OAS30451_MR_d2656
gender,train,OAS30452_MR_d0993
gender,train,OAS30452_MR_d2291
gender,train,OAS30452_MR_d3472
gender,train,OAS30452_MR_d4489
gender,train,OAS30452_MR_d4501
gender,train,OAS30452_MR_d6033
gender,train,OAS30454_MR_d0209
gender,train,OAS30455_MR_d0171
gender,train,OAS30455_MR_d2887
gender,train,OAS30455_MR_d4209
gender,train,OAS30455_MR_d5422
gender,train,OAS30456_MR_d0476
gender,train,OAS30457_MR_d0102
gender,train,OAS30459_MR_d0078
gender,train,OAS30459_MR_d0571
gender,train,OAS30461_MR_d0198
gender,train,OAS30462_MR_d0020
gender,train,OAS30481_MR_d0064
gender,train,OAS30866_MR_d0640
gender,train,OAS30462_MR_d0034
gender,train,OAS30462_MR_d0469
gender,train,OAS30462_MR_d1232
gender,train,OAS30462_MR_d2386
gender,train,OAS30464_MR_d0077
gender,train,OAS30464_MR_d0951
gender,train,OAS30464_MR_d2445
gender,train,OAS30464_MR_d2848
gender,train,OAS30464_MR_d4292
gender,train,OAS30464_MR_d4293
gender,train,OAS30466_MR_d0058
gender,train,OAS30466_MR_d0671
gender,train,OAS30467_MR_d0092
gender,train,OAS30468_MR_d0069
gender,train,OAS30469_MR_d0112
gender,train,OAS30471_MR_d0560
gender,train,OAS30471_MR_d1883
gender,train,OAS30472_MR_d1267
gender,train,OAS30473_MR_d0385
gender,train,OAS30473_MR_d1163
gender,train,OAS30474_MR_d0069
gender,train,OAS30475_MR_d0062
gender,train,OAS30476_MR_d0090
gender,train,OAS30476_MR_d0482
gender,train,OAS30476_MR_d1931
gender,train,OAS30478_MR_d3566
gender,train,OAS30478_MR_d4271
gender,train,OAS30479_MR_d0398
gender,train,OAS30479_MR_d1266
gender,train,OAS30479_MR_d2421
gender,train,OAS30482_MR_d1408
gender,train,OAS30483_MR_d0006
gender,train,OAS30483_MR_d0020
gender,train,OAS30483_MR_d0947
gender,train,OAS30483_MR_d2290
gender,train,OAS30484_MR_d0040
gender,train,OAS30484_MR_d0557
gender,train,OAS30484_MR_d1065
gender,train,OAS30663_MR_d0051
gender,train,OAS30485_MR_d0084
gender,train,OAS30486_MR_d0075
gender,train,OAS30486_MR_d1295
gender,train,OAS30486_MR_d1300
gender,train,OAS30490_MR_d0412
gender,train,OAS30491_MR_d0074
gender,train,OAS30492_MR_d0090
gender,train,OAS30492_MR_d1169
gender,train,OAS30492_MR_d2346
gender,train,OAS30493_MR_d0608
gender,train,OAS30496_MR_d0065
gender,train,OAS30496_MR_d1150
gender,train,OAS30496_MR_d2304
gender,train,OAS30502_MR_d0395
gender,train,OAS30502_MR_d1195
gender,train,OAS30502_MR_d2228
gender,train,OAS30503_MR_d0000
gender,train,OAS30653_MR_d0102
gender,train,OAS30504_MR_d0000
gender,train,OAS30507_MR_d0391
gender,train,OAS30507_MR_d2282
gender,train,OAS30507_MR_d2411
gender,train,OAS30507_MR_d2941
gender,train,OAS30507_MR_d3571
gender,train,OAS30508_MR_d0042
gender,train,OAS30510_MR_d1154
gender,train,OAS30512_MR_d0353
gender,train,OAS30513_MR_d0119
gender,train,OAS30514_MR_d0057
gender,train,OAS30514_MR_d1526
gender,train,OAS30515_MR_d0044
gender,train,OAS30515_MR_d0587
gender,train,OAS30531_MR_d0108
gender,train,OAS30572_MR_d0064
gender,train,OAS30515_MR_d1374
gender,train,OAS30517_MR_d0072
gender,train,OAS30519_MR_d0080
gender,train,OAS30521_MR_d0118
gender,train,OAS30522_MR_d0103
gender,train,OAS30523_MR_d0027
gender,train,OAS30525_MR_d0671
gender,train,OAS30525_MR_d1471
gender,train,OAS30525_MR_d1611
gender,train,OAS30525_MR_d3407
gender,train,OAS30582_MR_d0153
gender,train,OAS30528_MR_d0012
gender,train,OAS30529_MR_d0099
gender,train,OAS30531_MR_d1347
gender,train,OAS30531_MR_d1348
gender,train,OAS30531_MR_d2584
gender,train,OAS30532_MR_d0047
gender,train,OAS30536_MR_d2552
gender,train,OAS30537_MR_d0029
gender,train,OAS30537_MR_d1414
gender,train,OAS30537_MR_d1848
gender,train,OAS30537_MR_d2813
gender,train,OAS30538_MR_d0105
gender,train,OAS30539_MR_d0154
gender,train,OAS30539_MR_d0640
gender,train,OAS30541_MR_d0058
gender,train,OAS30541_MR_d0823
gender,train,OAS30541_MR_d2527
gender,train,OAS30542_MR_d0489
gender,train,OAS30543_MR_d0185
gender,train,OAS30546_MR_d0530
gender,train,OAS30547_MR_d0459
gender,train,OAS30548_MR_d0447
gender,train,OAS30552_MR_d0139
gender,train,OAS30552_MR_d1011
gender,train,OAS30553_MR_d0216
gender,train,OAS30553_MR_d0822
gender,train,OAS30554_MR_d0118
gender,train,OAS30556_MR_d0035
gender,train,OAS30557_MR_d1448
gender,train,OAS30557_MR_d2185
gender,train,OAS30558_MR_d0061
gender,train,OAS30558_MR_d1429
gender,train,OAS30558_MR_d2148
gender,train,OAS30558_MR_d3408
gender,train,OAS30558_MR_d3715
gender,train,OAS30558_MR_d4493
gender,train,OAS30558_MR_d5591
gender,train,OAS30559_MR_d0431
gender,train,OAS30796_MR_d0079
gender,train,OAS30929_MR_d0699
gender,train,OAS30973_MR_d0065
gender,train,OAS30559_MR_d1236
gender,train,OAS30559_MR_d2422
gender,train,OAS30560_MR_d0117
gender,train,OAS30560_MR_d1203
gender,train,OAS30561_MR_d0106
gender,train,OAS30561_MR_d1137
gender,train,OAS30561_MR_d1263
gender,train,OAS30565_MR_d3127
gender,train,OAS30566_MR_d0067
gender,train,OAS30567_MR_d0040
gender,train,OAS30567_MR_d1246
gender,train,OAS30568_MR_d0073
gender,train,OAS30568_MR_d1281
gender,train,OAS30568_MR_d1284
gender,train,OAS30568_MR_d1765
gender,train,OAS30568_MR_d2326
gender,train,OAS30568_MR_d3446
gender,train,OAS30569_MR_d4070
gender,train,OAS30572_MR_d0058
gender,train,OAS30572_MR_d1156
gender,train,OAS30572_MR_d2207
gender,train,OAS30573_MR_d0515
gender,train,OAS30573_MR_d0882
gender,train,OAS30574_MR_d0918
gender,train,OAS30574_MR_d1917
gender,train,OAS30575_MR_d0115
gender,train,OAS30576_MR_d0084
gender,train,OAS30577_MR_d0067
gender,train,OAS30579_MR_d0112
gender,train,OAS30579_MR_d1232
gender,train,OAS30579_MR_d2400
gender,train,OAS30579_MR_d3440
gender,train,OAS30580_MR_d0032
gender,train,OAS30580_MR_d1531
gender,train,OAS30635_MR_d1533
gender,train,OAS30636_MR_d0056
gender,train,OAS30636_MR_d1199
gender,train,OAS30636_MR_d2289
gender,train,OAS30638_MR_d0071
gender,train,OAS30638_MR_d0072
gender,train,OAS30642_MR_d0154
gender,train,OAS30642_MR_d1286
gender,train,OAS30643_MR_d0280
gender,train,OAS30643_MR_d0893
gender,train,OAS30643_MR_d2334
gender,train,OAS30643_MR_d3084
gender,train,OAS30646_MR_d0062
gender,train,OAS30647_MR_d0232
gender,train,OAS30647_MR_d1286
gender,train,OAS30647_MR_d2394
gender,train,OAS30650_MR_d1879
gender,train,OAS30651_MR_d0253
gender,train,OAS30651_MR_d1833
gender,train,OAS30651_MR_d1847
gender,train,OAS30651_MR_d3150
gender,train,OAS30652_MR_d0778
gender,train,OAS30652_MR_d1366
gender,train,OAS30654_MR_d0079
gender,train,OAS30655_MR_d0092
gender,train,OAS30657_MR_d0072
gender,train,OAS30658_MR_d0237
gender,train,OAS30659_MR_d0410
gender,train,OAS30659_MR_d1668
gender,train,OAS30659_MR_d2760
gender,train,OAS30660_MR_d0087
gender,train,OAS30660_MR_d1732
gender,train,OAS30660_MR_d3464
gender,train,OAS30660_MR_d4468
gender,train,OAS30663_MR_d1338
gender,train,OAS30664_MR_d0226
gender,train,OAS30664_MR_d3557
gender,train,OAS30880_MR_d0554
gender,train,OAS30900_MR_d0647
gender,train,OAS30580_MR_d2664
gender,train,OAS30584_MR_d0096
gender,train,OAS30585_MR_d0065
gender,train,OAS30588_MR_d0394
gender,train,OAS30588_MR_d1637
gender,train,OAS30588_MR_d3591
gender,train,OAS30588_MR_d4795
gender,train,OAS30588_MR_d4796
gender,train,OAS30589_MR_d0096
gender,train,OAS30589_MR_d1525
gender,train,OAS30589_MR_d3191
gender,train,OAS30590_MR_d0085
gender,train,OAS30590_MR_d0095
gender,train,OAS30591_MR_d0403
gender,train,OAS30591_MR_d0914
gender,train,OAS30594_MR_d0066
gender,train,OAS30594_MR_d1166
gender,train,OAS30595_MR_d0084
gender,train,OAS30595_MR_d0848
gender,train,OAS30596_MR_d1759
gender,train,OAS30596_MR_d2477
gender,train,OAS30598_MR_d0069
gender,train,OAS30601_MR_d0111
gender,train,OAS30601_MR_d1146
gender,train,OAS30601_MR_d2372
gender,train,OAS30602_MR_d2442
gender,train,OAS30605_MR_d0063
gender,train,OAS30605_MR_d0941
gender,train,OAS30606_MR_d0360
gender,train,OAS30606_MR_d2822
gender,train,OAS30607_MR_d0117
gender,train,OAS30612_MR_d0039
gender,train,OAS30612_MR_d1201
gender,train,OAS30612_MR_d1792
gender,train,OAS30612_MR_d2356
gender,train,OAS30614_MR_d1464
gender,train,OAS30614_MR_d2872
gender,train,OAS30614_MR_d4088
gender,train,OAS30615_MR_d0191
gender,train,OAS30615_MR_d0265
gender,train,OAS30615_MR_d0925
gender,train,OAS30615_MR_d2022
gender,train,OAS30619_MR_d2640
gender,train,OAS30620_MR_d1176
gender,train,OAS30620_MR_d1616
gender,train,OAS30620_MR_d2211
gender,train,OAS30620_MR_d3446
gender,train,OAS30622_MR_d0179
gender,train,OAS30622_MR_d0802
gender,train,OAS30623_MR_d0054
gender,train,OAS30624_MR_d1643
gender,train,OAS30624_MR_d2896
gender,train,OAS30625_MR_d0033
gender,train,OAS30625_MR_d1154
gender,train,OAS30626_MR_d1213
gender,train,OAS30628_MR_d0464
gender,train,OAS30630_MR_d0133
gender,train,OAS30631_MR_d0000
gender,train,OAS30632_MR_d0106
gender,train,OAS30632_MR_d1800
gender,train,OAS30632_MR_d3040
gender,train,OAS30633_MR_d0111
gender,train,OAS30633_MR_d2223
gender,train,OAS30633_MR_d3636
gender,train,OAS30634_MR_d0066
gender,train,OAS30635_MR_d0022
gender,train,OAS30635_MR_d0544
gender,train,OAS30667_MR_d0108
gender,train,OAS30667_MR_d0115
gender,train,OAS30667_MR_d0502
gender,train,OAS30667_MR_d0888
gender,train,OAS30669_MR_d2733
gender,train,OAS30669_MR_d3919
gender,train,OAS30670_MR_d0083
gender,train,OAS30670_MR_d1519
gender,train,OAS30857_MR_d1631
gender,train,OAS30674_MR_d1011
gender,train,OAS30674_MR_d1782
gender,train,OAS30675_MR_d7433
gender,train,OAS30675_MR_d9297
gender,train,OAS30676_MR_d0861
gender,train,OAS30676_MR_d2186
gender,train,OAS30676_MR_d3577
gender,train,OAS30676_MR_d4132
gender,train,OAS30676_MR_d4138
gender,train,OAS30676_MR_d5558
gender,train,OAS30677_MR_d0000
gender,train,OAS30678_MR_d0093
gender,train,OAS30679_MR_d0091
gender,train,OAS30679_MR_d1249
gender,train,OAS30681_MR_d0141
gender,train,OAS30730_MR_d0075
gender,train,OAS30731_MR_d0044
gender,train,OAS30731_MR_d1148
gender,train,OAS30731_MR_d2254
gender,train,OAS30732_MR_d0074
gender,train,OAS30733_MR_d3393
gender,train,OAS30733_MR_d4997
gender,train,OAS30734_MR_d0097
gender,train,OAS30734_MR_d0857
gender,train,OAS30735_MR_d0304
gender,train,OAS30735_MR_d1119
gender,train,OAS30735_MR_d2484
gender,train,OAS30735_MR_d3515
gender,train,OAS30736_MR_d3151
gender,train,OAS30739_MR_d0051
gender,train,OAS30739_MR_d1394
gender,train,OAS30740_MR_d0069
gender,train,OAS30681_MR_d0154
gender,train,OAS30683_MR_d0037
gender,train,OAS30683_MR_d0051
gender,train,OAS30683_MR_d0528
gender,train,OAS30683_MR_d2368
gender,train,OAS30685_MR_d0032
gender,train,OAS30685_MR_d1552
gender,train,OAS30687_MR_d0064
gender,train,OAS30687_MR_d0541
gender,train,OAS30688_MR_d0120
gender,train,OAS30688_MR_d0672
gender,train,OAS30688_MR_d2394
gender,train,OAS30688_MR_d3465
gender,train,OAS30688_MR_d4604
gender,train,OAS30689_MR_d2082
gender,train,OAS30690_MR_d0042
gender,train,OAS30690_MR_d1427
gender,train,OAS30692_MR_d2407
gender,train,OAS30699_MR_d0108
gender,train,OAS30699_MR_d1809
gender,train,OAS30699_MR_d3846
gender,train,OAS30699_MR_d5530
gender,train,OAS30700_MR_d2243
gender,train,OAS30700_MR_d3380
gender,train,OAS30702_MR_d0084
gender,train,OAS30705_MR_d0070
gender,train,OAS30705_MR_d2185
gender,train,OAS30707_MR_d0453
gender,train,OAS30708_MR_d0071
gender,train,OAS30710_MR_d0058
gender,train,OAS30710_MR_d1179
gender,train,OAS30710_MR_d2323
gender,train,OAS30710_MR_d3609
gender,train,OAS30711_MR_d0185
gender,train,OAS30711_MR_d0434
gender,train,OAS30711_MR_d1367
gender,train,OAS30711_MR_d2521
gender,train,OAS30711_MR_d2790
gender,train,OAS30711_MR_d3480
gender,train,OAS30713_MR_d0095
gender,train,OAS30713_MR_d1692
gender,train,OAS30713_MR_d2308
gender,train,OAS30713_MR_d4047
gender,train,OAS30716_MR_d0037
gender,train,OAS30717_MR_d0039
gender,train,OAS30717_MR_d1418
gender,train,OAS30717_MR_d2476
gender,train,OAS30719_MR_d1166
gender,train,OAS30720_MR_d0069
gender,train,OAS30720_MR_d0566
gender,train,OAS30720_MR_d1570
gender,train,OAS30722_MR_d0049
gender,train,OAS30722_MR_d1162
gender,train,OAS30723_MR_d0042
gender,train,OAS30723_MR_d1179
gender,train,OAS30723_MR_d2278
gender,train,OAS30723_MR_d2568
gender,train,OAS30724_MR_d2228
gender,train,OAS30724_MR_d3115
gender,train,OAS30725_MR_d0160
gender,train,OAS30725_MR_d1182
gender,train,OAS30725_MR_d2453
gender,train,OAS30725_MR_d2456
gender,train,OAS30725_MR_d3121
gender,train,OAS30727_MR_d0126
gender,train,OAS30727_MR_d1208
gender,train,OAS30743_MR_d0051
gender,train,OAS30743_MR_d0645
gender,train,OAS30743_MR_d2309
gender,train,OAS30744_MR_d0063
gender,train,OAS30744_MR_d1429
gender,train,OAS30745_MR_d2651
gender,train,OAS30745_MR_d2863
gender,train,OAS30745_MR_d4282
gender,train,OAS30746_MR_d0035
gender,train,OAS30746_MR_d1204
gender,train,OAS30746_MR_d1210
gender,train,OAS30747_MR_d0338
gender,train,OAS30747_MR_d3140
gender,train,OAS30748_MR_d0219
gender,train,OAS30748_MR_d3268
gender,train,OAS30749_MR_d0046
gender,train,OAS30749_MR_d1157
gender,train,OAS30750_MR_d0376
gender,train,OAS30750_MR_d0894
gender,train,OAS30750_MR_d2309
gender,train,OAS30750_MR_d2350
gender,train,OAS30750_MR_d3459
gender,train,OAS30750_MR_d3754
gender,train,OAS30751_MR_d0063
gender,train,OAS30753_MR_d0035
gender,train,OAS30754_MR_d0019
gender,train,OAS30754_MR_d1341
gender,train,OAS30754_MR_d2462
gender,train,OAS30754_MR_d3556
gender,train,OAS30755_MR_d0063
gender,train,OAS30926_MR_d1520
gender,train,OAS30755_MR_d1540
gender,train,OAS30755_MR_d2318
gender,train,OAS30755_MR_d2442
gender,train,OAS30755_MR_d3116
gender,train,OAS30755_MR_d3410
gender,train,OAS30756_MR_d0014
gender,train,OAS30756_MR_d0022
gender,train,OAS30756_MR_d0409
gender,train,OAS30756_MR_d1267
gender,train,OAS30756_MR_d2464
gender,train,OAS30758_MR_d0007
gender,train,OAS30762_MR_d0043
gender,train,OAS30762_MR_d1002
gender,train,OAS30763_MR_d0112
gender,train,OAS30765_MR_d0089
gender,train,OAS30765_MR_d0890
gender,train,OAS30765_MR_d2798
gender,train,OAS30766_MR_d0147
gender,train,OAS30766_MR_d1169
gender,train,OAS30767_MR_d0065
gender,train,OAS30767_MR_d0948
gender,train,OAS30767_MR_d1285
gender,train,OAS30768_MR_d0024
gender,train,OAS30768_MR_d0887
gender,train,OAS30768_MR_d2337
gender,train,OAS30770_MR_d0255
gender,train,OAS30770_MR_d1201
gender,train,OAS30770_MR_d1210
gender,train,OAS30770_MR_d2131
gender,train,OAS30770_MR_d3532
gender,train,OAS30772_MR_d0987
gender,train,OAS30775_MR_d0183
gender,train,OAS30775_MR_d0329
gender,train,OAS30775_MR_d0999
gender,train,OAS30775_MR_d2381
gender,train,OAS30775_MR_d2395
gender,train,OAS30775_MR_d2893
gender,train,OAS30775_MR_d3017
gender,train,OAS30776_MR_d0308
gender,train,OAS30776_MR_d2471
gender,train,OAS30776_MR_d4024
gender,train,OAS30776_MR_d5121
gender,train,OAS30777_MR_d1747
gender,train,OAS30777_MR_d2999
gender,train,OAS30777_MR_d4740
gender,train,OAS30777_MR_d5615
gender,train,OAS30778_MR_d0510
gender,train,OAS30778_MR_d1273
gender,train,OAS30778_MR_d2255
gender,train,OAS30782_MR_d0074
gender,train,OAS30782_MR_d0980
gender,train,OAS30783_MR_d0056
gender,train,OAS30784_MR_d0126
gender,train,OAS30784_MR_d2716
gender,train,OAS30785_MR_d0096
gender,train,OAS30786_MR_d0286
gender,train,OAS30786_MR_d1826
gender,train,OAS30786_MR_d3713
gender,train,OAS30786_MR_d4865
gender,train,OAS30786_MR_d4891
gender,train,OAS30787_MR_d5139
gender,train,OAS30789_MR_d0083
gender,train,OAS30792_MR_d0106
gender,train,OAS30792_MR_d1556
gender,train,OAS30792_MR_d3410
gender,train,OAS30798_MR_d0078
gender,train,OAS30798_MR_d1003
gender,train,OAS30799_MR_d0557
gender,train,OAS30801_MR_d0097
gender,train,OAS30802_MR_d0132
gender,train,OAS30804_MR_d0086
gender,train,OAS30804_MR_d0507
gender,train,OAS30806_MR_d0026
gender,train,OAS30807_MR_d0472
gender,train,OAS30808_MR_d0498
gender,train,OAS30808_MR_d1522
gender,train,OAS30808_MR_d3453
gender,train,OAS30809_MR_d0252
gender,train,OAS30810_MR_d0106
gender,train,OAS30810_MR_d1351
gender,train,OAS30811_MR_d7690
gender,train,OAS30813_MR_d0138
gender,train,OAS30813_MR_d1156
gender,train,OAS30815_MR_d0148
gender,train,OAS30816_MR_d0530
gender,train,OAS30816_MR_d3379
gender,train,OAS30816_MR_d4576
gender,train,OAS30816_MR_d4583
gender,train,OAS30818_MR_d0097
gender,train,OAS30818_MR_d1214
gender,train,OAS30818_MR_d1228
gender,train,OAS30818_MR_d1720
gender,train,OAS30818_MR_d2089
gender,train,OAS30818_MR_d2399
gender,train,OAS30818_MR_d2656
gender,train,OAS30818_MR_d3524
gender,train,OAS30819_MR_d0077
gender,train,OAS30819_MR_d0572
gender,train,OAS30819_MR_d1776
gender,train,OAS30820_MR_d0034
gender,train,OAS30820_MR_d1903
gender,train,OAS30821_MR_d0063
gender,train,OAS30821_MR_d0068
gender,train,OAS30822_MR_d0036
gender,train,OAS30822_MR_d3227
gender,train,OAS30824_MR_d0077
gender,train,OAS30824_MR_d1651
gender,train,OAS30825_MR_d4885
gender,train,OAS30825_MR_d5535
gender,train,OAS30827_MR_d0043
gender,train,OAS30827_MR_d1875
gender,train,OAS30924_MR_d0069
gender,train,OAS30925_MR_d0196
gender,train,OAS30926_MR_d0092
gender,train,OAS30829_MR_d6357
gender,train,OAS30829_MR_d6593
gender,train,OAS30829_MR_d7552
gender,train,OAS30829_MR_d8406
gender,train,OAS30832_MR_d0225
gender,train,OAS30832_MR_d1203
gender,train,OAS30832_MR_d2369
gender,train,OAS30832_MR_d2382
gender,train,OAS30832_MR_d3848
gender,train,OAS30832_MR_d4580
gender,train,OAS30836_MR_d0094
gender,train,OAS30838_MR_d0098
gender,train,OAS30839_MR_d1394
gender,train,OAS30841_MR_d0187
gender,train,OAS30841_MR_d0348
gender,train,OAS30841_MR_d3499
gender,train,OAS30843_MR_d0236
gender,train,OAS30847_MR_d0040
gender,train,OAS30848_MR_d0070
gender,train,OAS30849_MR_d0151
gender,train,OAS30853_MR_d0100
gender,train,OAS30857_MR_d0058
gender,train,OAS30857_MR_d1263
gender,train,OAS30857_MR_d1271
gender,train,OAS30857_MR_d2255
gender,train,OAS30857_MR_d3612
gender,train,OAS30859_MR_d0154
gender,train,OAS30865_MR_d0109
gender,train,OAS30866_MR_d0033
gender,train,OAS30866_MR_d1502
gender,train,OAS30868_MR_d0115
gender,train,OAS30869_MR_d0077
gender,train,OAS30869_MR_d1691
gender,train,OAS30869_MR_d2290
gender,train,OAS30870_MR_d1926
gender,train,OAS30870_MR_d3066
gender,train,OAS30870_MR_d3785
gender,train,OAS30921_MR_d2464
gender,train,OAS30921_MR_d2468
gender,train,OAS30921_MR_d3232
gender,train,OAS30922_MR_d0058
gender,train,OAS30922_MR_d1406
gender,train,OAS30923_MR_d4802
gender,train,OAS30923_MR_d5307
gender,train,OAS30923_MR_d6337
gender,train,OAS30871_MR_d0040
gender,train,OAS30871_MR_d2282
gender,train,OAS30872_MR_d0179
gender,train,OAS30872_MR_d1285
gender,train,OAS30872_MR_d3057
gender,train,OAS30872_MR_d3097
gender,train,OAS30874_MR_d0057
gender,train,OAS30875_MR_d0154
gender,train,OAS30875_MR_d1252
gender,train,OAS30876_MR_d0126
gender,train,OAS30876_MR_d1670
gender,train,OAS30876_MR_d2447
gender,train,OAS30876_MR_d3364
gender,train,OAS30876_MR_d3427
gender,train,OAS30876_MR_d4592
gender,train,OAS30877_MR_d0362
gender,train,OAS30877_MR_d2308
gender,train,OAS30878_MR_d0105
gender,train,OAS30878_MR_d2556
gender,train,OAS30879_MR_d3497
gender,train,OAS30880_MR_d1166
gender,train,OAS30881_MR_d0304
gender,train,OAS30881_MR_d0804
gender,train,OAS30881_MR_d1252
gender,train,OAS30881_MR_d2593
gender,train,OAS30881_MR_d3163
gender,train,OAS30881_MR_d4295
gender,train,OAS30882_MR_d0191
gender,train,OAS30884_MR_d2400
gender,train,OAS30884_MR_d4499
gender,train,OAS30886_MR_d0045
gender,train,OAS30887_MR_d0064
gender,train,OAS30887_MR_d1407
gender,train,OAS30887_MR_d2368
gender,train,OAS30888_MR_d0066
gender,train,OAS30892_MR_d0029
gender,train,OAS30893_MR_d0053
gender,train,OAS30895_MR_d0077
gender,train,OAS30895_MR_d1209
gender,train,OAS30896_MR_d0439
gender,train,OAS30896_MR_d1588
gender,train,OAS30896_MR_d3528
gender,train,OAS30897_MR_d1217
gender,train,OAS30898_MR_d0358
gender,train,OAS30898_MR_d0946
gender,train,OAS30900_MR_d0051
gender,train,OAS30900_MR_d1058
gender,train,OAS30902_MR_d0015
gender,train,OAS30903_MR_d0046
gender,train,OAS30904_MR_d1304
gender,train,OAS30904_MR_d2802
gender,train,OAS30904_MR_d4786
gender,train,OAS30905_MR_d0154
gender,train,OAS30905_MR_d2331
gender,train,OAS30905_MR_d3084
gender,train,OAS30907_MR_d0084
gender,train,OAS30907_MR_d0813
gender,train,OAS30907_MR_d1953
gender,train,OAS30907_MR_d3359
gender,train,OAS30908_MR_d0065
gender,train,OAS30908_MR_d0617
gender,train,OAS30908_MR_d3517
gender,train,OAS30909_MR_d0109
gender,train,OAS30911_MR_d0099
gender,train,OAS30913_MR_d0931
gender,train,OAS30913_MR_d2007
gender,train,OAS30915_MR_d0085
gender,train,OAS30916_MR_d0172
gender,train,OAS30917_MR_d0053
gender,train,OAS30917_MR_d1196
gender,train,OAS30917_MR_d1222
gender,train,OAS30918_MR_d0089
gender,train,OAS30919_MR_d0035
gender,train,OAS30919_MR_d2502
gender,train,OAS30919_MR_d3650
gender,train,OAS30919_MR_d4506
gender,train,OAS30919_MR_d5473
gender,train,OAS30921_MR_d0382
gender,train,OAS30921_MR_d1141
gender,train,OAS30927_MR_d0145
gender,train,OAS30927_MR_d1180
gender,train,OAS30928_MR_d0177
gender,train,OAS30928_MR_d0884
gender,train,OAS30929_MR_d0115
gender,train,OAS30932_MR_d4007
gender,train,OAS30933_MR_d0052
gender,train,OAS30933_MR_d2167
gender,train,OAS30933_MR_d2251
gender,train,OAS30933_MR_d3460
gender,train,OAS30933_MR_d3788
gender,train,OAS30934_MR_d0520
gender,train,OAS30934_MR_d2150
gender,train,OAS30939_MR_d0483
gender,train,OAS30939_MR_d1968
gender,train,OAS30941_MR_d0786
gender,train,OAS30942_MR_d0111
gender,train,OAS30942_MR_d0752
gender,train,OAS30943_MR_d0295
gender,train,OAS30944_MR_d0089
gender,train,OAS30945_MR_d0155
gender,train,OAS30946_MR_d0096
gender,train,OAS30947_MR_d1688
gender,train,OAS30949_MR_d0053
gender,train,OAS30949_MR_d1418
gender,train,OAS30951_MR_d3786
gender,train,OAS30953_MR_d0103
gender,train,OAS30955_MR_d0133
gender,train,OAS30956_MR_d0347
gender,train,OAS30956_MR_d1314
gender,train,OAS30956_MR_d2573
gender,train,OAS30957_MR_d0030
gender,train,OAS30958_MR_d0900
gender,train,OAS31142_MR_d4594
gender,train,OAS31143_MR_d0109
gender,train,OAS31145_MR_d0483
gender,train,OAS31146_MR_d0073
gender,train,OAS31146_MR_d1882
gender,train,OAS31147_MR_d0147
gender,train,OAS31147_MR_d1218
gender,train,OAS31151_MR_d0086
gender,train,OAS31153_MR_d0771
gender,train,OAS31153_MR_d0777
gender,train,OAS31153_MR_d1174
gender,train,OAS31153_MR_d1239
gender,train,OAS31153_MR_d2282
gender,train,OAS31154_MR_d0034
gender,train,OAS31155_MR_d6242
gender,train,OAS31155_MR_d7635
gender,train,OAS31155_MR_d8643
gender,train,OAS31156_MR_d0001
gender,train,OAS31157_MR_d1964
gender,train,OAS31157_MR_d4924
gender,train,OAS31157_MR_d6328
gender,train,OAS31158_MR_d0029
gender,train,OAS31158_MR_d0668
gender,train,OAS31158_MR_d2481
gender,train,OAS31159_MR_d0074
gender,train,OAS31159_MR_d1019
gender,train,OAS31160_MR_d6062
gender,train,OAS31161_MR_d0056
gender,train,OAS31161_MR_d0068
gender,train,OAS31162_MR_d0107
gender,train,OAS31163_MR_d0036
gender,train,OAS31164_MR_d0069
gender,train,OAS31164_MR_d1678
gender,train,OAS31167_MR_d0064
gender,train,OAS31167_MR_d2053
gender,train,OAS31167_MR_d3530
gender,train,OAS31167_MR_d4564
gender,train,OAS31168_MR_d0148
gender,train,OAS31168_MR_d1566
gender,train,OAS31168_MR_d2526
gender,train,OAS31168_MR_d3493
gender,train,OAS31169_MR_d0620
gender,train,OAS31172_MR_d0407
gender,train,OAS31172_MR_d1717
gender,train,OAS31175_MR_d0069
gender,train,OAS31176_MR_d0097
gender,train,OAS30961_MR_d0062
gender,train,OAS31051_MR_d0365
gender,train,OAS31053_MR_d0057
gender,train,OAS31054_MR_d2787
gender,train,OAS31056_MR_d0100
gender,train,OAS31056_MR_d0808
gender,train,OAS31056_MR_d1912
gender,train,OAS31057_MR_d1054
gender,train,OAS31058_MR_d0877
gender,train,OAS31058_MR_d2233
gender,train,OAS31058_MR_d3519
gender,train,OAS31059_MR_d1231
gender,train,OAS31059_MR_d3491
gender,train,OAS31059_MR_d4501
gender,train,OAS31060_MR_d0083
gender,train,OAS31061_MR_d0964
gender,train,OAS31063_MR_d0146
gender,train,OAS31063_MR_d0917
gender,train,OAS31064_MR_d0054
gender,train,OAS31064_MR_d0785
gender,train,OAS31064_MR_d2091
gender,train,OAS31064_MR_d3439
gender,train,OAS31064_MR_d3450
gender,train,OAS31064_MR_d3883
gender,train,OAS31065_MR_d0034
gender,train,OAS31115_MR_d0466
gender,train,OAS31116_MR_d0329
gender,train,OAS31118_MR_d0116
gender,train,OAS31118_MR_d2023
gender,train,OAS31118_MR_d2041
gender,train,OAS31118_MR_d2835
gender,train,OAS31118_MR_d2847
gender,train,OAS31118_MR_d3618
gender,train,OAS31120_MR_d0119
gender,train,OAS31122_MR_d2180
gender,train,OAS31123_MR_d0078
gender,train,OAS31124_MR_d0436
gender,train,OAS31125_MR_d0049
gender,train,OAS31125_MR_d0735
gender,train,OAS31125_MR_d3093
gender,train,OAS31125_MR_d3847
gender,train,OAS31126_MR_d1156
gender,train,OAS31127_MR_d0123
gender,train,OAS31127_MR_d2140
gender,train,OAS31128_MR_d0673
gender,train,OAS31128_MR_d1405
gender,train,OAS31128_MR_d2332
gender,train,OAS31129_MR_d0055
gender,train,OAS31133_MR_d0000
gender,train,OAS31136_MR_d0156
gender,train,OAS31138_MR_d0487
gender,train,OAS31138_MR_d2040
gender,train,OAS31140_MR_d0332
gender,train,OAS31142_MR_d0000
gender,train,OAS31142_MR_d0889
gender,train,OAS31142_MR_d1267
gender,train,OAS31142_MR_d2109
gender,train,OAS30962_MR_d0007
gender,train,OAS30963_MR_d0047
gender,train,OAS30963_MR_d1279
gender,train,OAS30963_MR_d1636
gender,train,OAS30963_MR_d3464
gender,train,OAS30964_MR_d0397
gender,train,OAS30964_MR_d1135
gender,train,OAS30964_MR_d1587
gender,train,OAS30964_MR_d2772
gender,train,OAS30964_MR_d3870
gender,train,OAS30966_MR_d0189
gender,train,OAS30966_MR_d0903
gender,train,OAS30966_MR_d1267
gender,train,OAS30966_MR_d1923
gender,train,OAS30966_MR_d3381
gender,train,OAS30967_MR_d0098
gender,train,OAS30967_MR_d0120
gender,train,OAS30967_MR_d0854
gender,train,OAS30967_MR_d0988
gender,train,OAS30969_MR_d0047
gender,train,OAS30969_MR_d1345
gender,train,OAS30970_MR_d0237
gender,train,OAS30970_MR_d0238
gender,train,OAS30971_MR_d0077
gender,train,OAS30972_MR_d0842
gender,train,OAS30972_MR_d2270
gender,train,OAS30973_MR_d1318
gender,train,OAS30974_MR_d0901
gender,train,OAS30976_MR_d0065
gender,train,OAS30979_MR_d0051
gender,train,OAS30979_MR_d0435
gender,train,OAS30981_MR_d0061
gender,train,OAS30981_MR_d0074
gender,train,OAS30982_MR_d0063
gender,train,OAS30982_MR_d1705
gender,train,OAS30982_MR_d1708
gender,train,OAS30983_MR_d0265
gender,train,OAS30984_MR_d3927
gender,train,OAS30984_MR_d4520
gender,train,OAS30985_MR_d0084
gender,train,OAS30986_MR_d1188
gender,train,OAS30986_MR_d2308
gender,train,OAS30986_MR_d4711
gender,train,OAS30986_MR_d4712
gender,train,OAS30989_MR_d0109
gender,train,OAS30989_MR_d2594
gender,train,OAS30991_MR_d0106
gender,train,OAS30993_MR_d0059
gender,train,OAS30993_MR_d0920
gender,train,OAS31038_MR_d3010
gender,train,OAS31038_MR_d4037
gender,train,OAS31039_MR_d0001
gender,train,OAS31039_MR_d1184
gender,train,OAS31039_MR_d2184
gender,train,OAS31041_MR_d0528
gender,train,OAS31041_MR_d1426
gender,train,OAS31042_MR_d3618
gender,train,OAS31043_MR_d0437
gender,train,OAS31043_MR_d1731
gender,train,OAS31047_MR_d0183
gender,train,OAS31047_MR_d1165
gender,train,OAS31048_MR_d0122
gender,train,OAS31048_MR_d1151
gender,train,OAS31048_MR_d2398
gender,train,OAS31048_MR_d2767
gender,train,OAS31048_MR_d3195
gender,train,OAS31048_MR_d3426
gender,train,OAS31048_MR_d4535
gender,train,OAS31049_MR_d0575
gender,train,OAS31049_MR_d1066
gender,train,OAS30997_MR_d0058
gender,train,OAS30997_MR_d1356
gender,train,OAS30998_MR_d0051
gender,train,OAS30999_MR_d0153
gender,train,OAS31002_MR_d3832
gender,train,OAS31002_MR_d4948
gender,train,OAS31002_MR_d5329
gender,train,OAS31003_MR_d0075
gender,train,OAS31004_MR_d0000
gender,train,OAS31005_MR_d0066
gender,train,OAS31005_MR_d1649
gender,train,OAS31006_MR_d0120
gender,train,OAS31006_MR_d1106
gender,train,OAS31009_MR_d0512
gender,train,OAS31009_MR_d1049
gender,train,OAS31009_MR_d2325
gender,train,OAS31009_MR_d3330
gender,train,OAS31009_MR_d3611
gender,train,OAS31011_MR_d0089
gender,train,OAS31012_MR_d0308
gender,train,OAS31012_MR_d2449
gender,train,OAS31012_MR_d4024
gender,train,OAS31012_MR_d5114
gender,train,OAS31016_MR_d0126
gender,train,OAS31017_MR_d0072
gender,train,OAS31018_MR_d0041
gender,train,OAS31018_MR_d0469
gender,train,OAS31018_MR_d1208
gender,train,OAS31018_MR_d1606
gender,train,OAS31018_MR_d2397
gender,train,OAS31018_MR_d2398
gender,train,OAS31019_MR_d0076
gender,train,OAS31019_MR_d1370
gender,train,OAS31020_MR_d0083
gender,train,OAS31020_MR_d0084
gender,train,OAS31020_MR_d0537
gender,train,OAS31020_MR_d0651
gender,train,OAS31020_MR_d1475
gender,train,OAS31022_MR_d0089
gender,train,OAS31022_MR_d0896
gender,train,OAS31024_MR_d0204
gender,train,OAS31024_MR_d1057
gender,train,OAS31024_MR_d2323
gender,train,OAS31025_MR_d0410
gender,train,OAS31025_MR_d1258
gender,train,OAS31025_MR_d2560
gender,train,OAS31025_MR_d3510
gender,train,OAS31026_MR_d0043
gender,train,OAS31028_MR_d0058
gender,train,OAS31028_MR_d1285
gender,train,OAS31028_MR_d2386
gender,train,OAS31030_MR_d0031
gender,train,OAS31031_MR_d0069
gender,train,OAS31031_MR_d1119
gender,train,OAS31031_MR_d1861
gender,train,OAS31031_MR_d3596
gender,train,OAS31031_MR_d4072
gender,train,OAS31031_MR_d5046
gender,train,OAS31031_MR_d5047
gender,train,OAS31032_MR_d0139
gender,train,OAS31032_MR_d0896
gender,train,OAS31034_MR_d0203
gender,train,OAS31035_MR_d5659
gender,train,OAS31036_MR_d0056
gender,train,OAS31065_MR_d0056
gender,train,OAS31066_MR_d0077
gender,train,OAS31069_MR_d0025
gender,train,OAS31070_MR_d0084
gender,train,OAS31070_MR_d1352
gender,train,OAS31071_MR_d0068
gender,train,OAS31072_MR_d0833
gender,train,OAS31072_MR_d2178
gender,train,OAS31072_MR_d3537
gender,train,OAS31072_MR_d4035
gender,train,OAS31072_MR_d4621
gender,train,OAS31072_MR_d5711
gender,train,OAS31074_MR_d3372
gender,train,OAS31075_MR_d1199
gender,train,OAS31076_MR_d0071
gender,train,OAS31076_MR_d1235
gender,train,OAS31076_MR_d1261
gender,train,OAS31077_MR_d0194
gender,train,OAS31077_MR_d0853
gender,train,OAS31078_MR_d0027
gender,train,OAS31078_MR_d1173
gender,train,OAS31080_MR_d0183
gender,train,OAS31081_MR_d0129
gender,train,OAS31081_MR_d2012
gender,train,OAS31081_MR_d3636
gender,train,OAS31081_MR_d5241
gender,train,OAS31082_MR_d0000
gender,train,OAS31083_MR_d0091
gender,train,OAS31083_MR_d1232
gender,train,OAS31083_MR_d1981
gender,train,OAS31083_MR_d1989
gender,train,OAS31083_MR_d2661
gender,train,OAS31083_MR_d3346
gender,train,OAS31084_MR_d2319
gender,train,OAS31085_MR_d0112
gender,train,OAS31085_MR_d0504
gender,train,OAS31087_MR_d0168
gender,train,OAS31087_MR_d1461
gender,train,OAS31087_MR_d2421
gender,train,OAS31088_MR_d2045
gender,train,OAS31088_MR_d3212
gender,train,OAS31088_MR_d4383
gender,train,OAS31089_MR_d0023
gender,train,OAS31090_MR_d0353
gender,train,OAS31090_MR_d0833
gender,train,OAS31090_MR_d1879
gender,train,OAS31090_MR_d3565
gender,train,OAS31092_MR_d0203
gender,train,OAS31092_MR_d1211
gender,train,OAS31092_MR_d3113
gender,train,OAS31094_MR_d0103
gender,train,OAS31094_MR_d1195
gender,train,OAS31094_MR_d2064
gender,train,OAS31094_MR_d3350
gender,train,OAS31097_MR_d2763
gender,train,OAS31098_MR_d0048
gender,train,OAS31100_MR_d6834
gender,train,OAS31100_MR_d7350
gender,train,OAS31103_MR_d0170
gender,train,OAS31103_MR_d1829
gender,train,OAS31103_MR_d3821
gender,train,OAS31103_MR_d4815
gender,train,OAS31104_MR_d1321
gender,train,OAS31104_MR_d2333
gender,train,OAS31104_MR_d3744
gender,train,OAS31104_MR_d3745
gender,train,OAS31105_MR_d0259
gender,train,OAS31105_MR_d1017
gender,train,OAS31106_MR_d0065
gender,train,OAS31107_MR_d0912
gender,train,OAS31109_MR_d0000
gender,train,OAS31110_MR_d0031
gender,train,OAS31110_MR_d2336
gender,train,OAS31112_MR_d0276
gender,train,OAS31178_MR_d3655
gender,train,OAS31179_MR_d0180
gender,train,OAS31181_MR_d0120
gender,train,OAS31186_MR_d0102
gender,train,OAS31189_MR_d0112
gender,train,OAS31190_MR_d0081
gender,train,OAS31190_MR_d0136
gender,train,OAS31191_MR_d0069
gender,train,OAS31192_MR_d0036
gender,train,OAS31193_MR_d0275
gender,train,OAS31195_MR_d0098
gender,train,OAS31196_MR_d0135
gender,train,OAS31197_MR_d0179
gender,train,OAS31199_MR_d0111
gender,train,OAS31201_MR_d0172
gender,train,OAS31202_MR_d0043
gender,train,OAS31202_MR_d0106
gender,train,OAS31203_MR_d0237
gender,train,OAS31203_MR_d0238
gender,train,OAS31204_MR_d0006
gender,train,OAS31206_MR_d0218
gender,train,OAS31208_MR_d0094
gender,train,OAS31209_MR_d0095
gender,train,OAS31210_MR_d0064
gender,train,OAS31211_MR_d0127
gender,train,OAS31311_MR_d0055
gender,train,OAS31214_MR_d0077
gender,train,OAS31219_MR_d0098
gender,train,OAS31220_MR_d0082
gender,train,OAS31221_MR_d0017
gender,train,OAS31221_MR_d0078
gender,train,OAS31224_MR_d0116
gender,train,OAS31225_MR_d0132
gender,train,OAS31226_MR_d0063
gender,train,OAS31227_MR_d0050
gender,train,OAS31228_MR_d0218
gender,train,OAS31229_MR_d0130
gender,train,OAS31235_MR_d0054
gender,train,OAS31236_MR_d0048
gender,train,OAS31237_MR_d0172
gender,train,OAS31238_MR_d0057
gender,train,OAS31240_MR_d0108
gender,train,OAS31240_MR_d0109
gender,train,OAS31241_MR_d0069
gender,train,OAS31242_MR_d0129
gender,train,OAS31260_MR_d0138
gender,train,OAS31299_MR_d0061
gender,train,OAS31432_MR_d0224
gender,train,OAS31246_MR_d0132
gender,train,OAS31247_MR_d0110
gender,train,OAS31248_MR_d0239
gender,train,OAS31250_MR_d0174
gender,train,OAS31251_MR_d0197
gender,train,OAS31252_MR_d0113
gender,train,OAS31254_MR_d0043
gender,train,OAS31254_MR_d0138
gender,train,OAS31276_MR_d0052
gender,train,OAS31255_MR_d0100
gender,train,OAS31256_MR_d0163
gender,train,OAS31259_MR_d0314
gender,train,OAS31260_MR_d0139
gender,train,OAS31262_MR_d0033
gender,train,OAS31267_MR_d0090
gender,train,OAS31268_MR_d0040
gender,train,OAS31268_MR_d0132
gender,train,OAS31269_MR_d0031
gender,train,OAS31274_MR_d0130
gender,train,OAS31274_MR_d0132
gender,train,OAS31275_MR_d0183
gender,train,OAS31277_MR_d0084
gender,train,OAS31279_MR_d0020
gender,train,OAS31280_MR_d0016
gender,train,OAS31283_MR_d0344
gender,train,OAS31284_MR_d0045
gender,train,OAS31286_MR_d0058
gender,train,OAS31288_MR_d0124
gender,train,OAS31290_MR_d0048
gender,train,OAS31292_MR_d0094
gender,train,OAS31295_MR_d0120
gender,train,OAS31295_MR_d0121
gender,train,OAS31300_MR_d0212
gender,train,OAS31302_MR_d0056
gender,train,OAS31303_MR_d0015
gender,train,OAS31304_MR_d0084
gender,train,OAS31307_MR_d0113
gender,train,OAS31308_MR_d0093
gender,train,OAS31309_MR_d0173
gender,train,OAS31309_MR_d0174
gender,train,OAS31310_MR_d0082
gender,train,OAS31312_MR_d0089
gender,train,OAS31314_MR_d0280
gender,train,OAS31315_MR_d0143
gender,train,OAS31316_MR_d0061
gender,train,OAS31317_MR_d0077
gender,train,OAS31321_MR_d0044
gender,train,OAS31323_MR_d0123
gender,train,OAS31324_MR_d0218
gender,train,OAS31325_MR_d0086
gender,train,OAS31326_MR_d0028
gender,train,OAS31329_MR_d0137
gender,train,OAS31331_MR_d0175
gender,train,OAS31333_MR_d0023
gender,train,OAS31333_MR_d0056
gender,train,OAS31334_MR_d0088
gender,train,OAS31335_MR_d0164
gender,train,OAS31336_MR_d0176
gender,train,OAS31337_MR_d0032
gender,train,OAS31338_MR_d0091
gender,train,OAS31338_MR_d0120
gender,train,OAS31340_MR_d0143
gender,train,OAS31342_MR_d0097
gender,train,OAS31343_MR_d0902
gender,train,OAS31344_MR_d0200
gender,train,OAS31345_MR_d0034
gender,train,OAS31346_MR_d0058
gender,train,OAS31350_MR_d0030
gender,train,OAS31351_MR_d0008
gender,train,OAS31351_MR_d0147
gender,train,OAS31352_MR_d0131
gender,train,OAS31352_MR_d0132
gender,train,OAS31354_MR_d0139
gender,train,OAS31354_MR_d0140
gender,train,OAS31359_MR_d0001
gender,train,OAS31361_MR_d0238
gender,train,OAS31362_MR_d0354
gender,train,OAS31362_MR_d0355
gender,train,OAS31363_MR_d0049
gender,train,OAS31366_MR_d0040
gender,train,OAS31367_MR_d0142
gender,train,OAS31367_MR_d0156
gender,train,OAS31369_MR_d0074
gender,train,OAS31370_MR_d0097
gender,train,OAS31371_MR_d0167
gender,train,OAS31373_MR_d0133
gender,train,OAS31373_MR_d0134
gender,train,OAS31379_MR_d0071
gender,train,OAS31380_MR_d0132
gender,train,OAS31381_MR_d0032
gender,train,OAS31382_MR_d0089
gender,train,OAS31384_MR_d0143
gender,train,OAS31385_MR_d0224
gender,train,OAS31389_MR_d0140
gender,train,OAS31391_MR_d0112
gender,train,OAS31392_MR_d0144
gender,train,OAS31397_MR_d0058
gender,train,OAS31398_MR_d0098
gender,train,OAS31401_MR_d0120
gender,train,OAS31404_MR_d0010
gender,train,OAS31404_MR_d0095
gender,train,OAS31405_MR_d0149
gender,train,OAS31408_MR_d0086
gender,train,OAS31408_MR_d0253
gender,train,OAS31409_MR_d0042
gender,train,OAS31410_MR_d0259
gender,train,OAS31411_MR_d0053
gender,train,OAS31412_MR_d0137
gender,train,OAS31413_MR_d0144
gender,train,OAS31414_MR_d0147
gender,train,OAS31414_MR_d0148
gender,train,OAS31416_MR_d0025
gender,train,OAS31417_MR_d0059
gender,train,OAS31419_MR_d0037
gender,train,OAS31420_MR_d0025
gender,train,OAS31424_MR_d0015
gender,train,OAS31427_MR_d0063
gender,train,OAS31428_MR_d0022
gender,train,OAS31429_MR_d0062
gender,train,OAS31430_MR_d0060
gender,train,OAS31431_MR_d0070
gender,train,OAS31436_MR_d0197
gender,train,OAS31437_MR_d0140
gender,train,OAS31439_MR_d0081
gender,train,OAS31440_MR_d0040
gender,train,OAS31441_MR_d0067
gender,train,OAS31442_MR_d0084
gender,train,OAS31444_MR_d0321
gender,train,OAS31447_MR_d0089
gender,train,OAS31448_MR_d0137
gender,train,OAS31449_MR_d0063
gender,train,OAS31450_MR_d0379
gender,train,OAS31453_MR_d0197
gender,train,OAS31455_MR_d0087
gender,train,OAS31456_MR_d0090
gender,train,OAS31457_MR_d0113
gender,train,OAS31457_MR_d0114
gender,train,OAS31460_MR_d0053
gender,train,OAS31462_MR_d0105
gender,train,OAS31462_MR_d0107
gender,train,OAS31463_MR_d0364
gender,train,OAS31464_MR_d0014
gender,train,OAS31469_MR_d0105
gender,train,OAS31469_MR_d0106
gender,train,OAS31471_MR_d0059
gender,train,OAS31473_MR_d0136
gender,train,OAS31474_MR_d0150
gender,train,OAS30042_MR_d1264
gender,train,OAS30625_MR_d2232
gender,train,OAS30643_MR_d3301
gender,train,OAS30659_MR_d2788
gender,train,OAS31064_MR_d0762
gender,train,OAS30731_MR_d3375
gender,train,OAS30807_MR_d1492
gender,train,OAS31229_MR_d0025
gender,train,OAS31306_MR_d0028
gender,val,OAS30050_MR_d1530
gender,val,OAS30247_MR_d0168
gender,val,OAS30037_MR_d0154
gender,val,OAS30258_MR_d0487
gender,val,OAS30258_MR_d1225
gender,val,OAS30247_MR_d0844
gender,val,OAS30247_MR_d2643
gender,val,OAS30016_MR_d0021
gender,val,OAS30123_MR_d0122
gender,val,OAS30263_MR_d0129
gender,val,OAS30263_MR_d0970
gender,val,OAS30008_MR_d0061
gender,val,OAS30008_MR_d1313
gender,val,OAS30008_MR_d1327
gender,val,OAS30008_MR_d2035
gender,val,OAS30008_MR_d3363
gender,val,OAS30037_MR_d1307
gender,val,OAS30037_MR_d2310
gender,val,OAS30040_MR_d2899
gender,val,OAS30040_MR_d4230
gender,val,OAS30040_MR_d5108
gender,val,OAS30050_MR_d0110
gender,val,OAS30079_MR_d0019
gender,val,OAS30079_MR_d1833
gender,val,OAS30079_MR_d2668
gender,val,OAS30079_MR_d3410
gender,val,OAS30079_MR_d4523
gender,val,OAS30132_MR_d0063
gender,val,OAS30132_MR_d1392
gender,val,OAS30132_MR_d2288
gender,val,OAS30088_MR_d0093
gender,val,OAS30092_MR_d3727
gender,val,OAS30111_MR_d0385
gender,val,OAS30163_MR_d0091
gender,val,OAS30237_MR_d1353
gender,val,OAS30213_MR_d0041
gender,val,OAS30257_MR_d0610
gender,val,OAS30257_MR_d1938
gender,val,OAS30257_MR_d3773
gender,val,OAS30263_MR_d2483
gender,val,OAS30263_MR_d4709
gender,val,OAS30271_MR_d0004
gender,val,OAS30296_MR_d0069
gender,val,OAS30299_MR_d0119
gender,val,OAS30305_MR_d0245
gender,val,OAS30314_MR_d6379
gender,val,OAS30314_MR_d6827
gender,val,OAS30314_MR_d7000
gender,val,OAS30314_MR_d7814
gender,val,OAS30332_MR_d0091
gender,val,OAS30382_MR_d0051
gender,val,OAS30382_MR_d1199
gender,val,OAS30340_MR_d0070
gender,val,OAS30346_MR_d0083
gender,val,OAS30346_MR_d1685
gender,val,OAS30360_MR_d0118
gender,val,OAS30360_MR_d1407
gender,val,OAS30367_MR_d0055
gender,val,OAS30367_MR_d1540
gender,val,OAS30367_MR_d2009
gender,val,OAS30367_MR_d3394
gender,val,OAS30367_MR_d3396
gender,val,OAS30367_MR_d4337
gender,val,OAS30367_MR_d5611
gender,val,OAS30384_MR_d0108
gender,val,OAS30403_MR_d0091
gender,val,OAS30403_MR_d1232
gender,val,OAS30403_MR_d2378
gender,val,OAS30403_MR_d2379
gender,val,OAS30403_MR_d2758
gender,val,OAS30403_MR_d2868
gender,val,OAS30404_MR_d0104
gender,val,OAS30407_MR_d0061
gender,val,OAS30407_MR_d1267
gender,val,OAS30407_MR_d2862
gender,val,OAS30431_MR_d0113
gender,val,OAS30460_MR_d0043
gender,val,OAS30803_MR_d0702
gender,val,OAS30470_MR_d1023
gender,val,OAS30470_MR_d1846
gender,val,OAS30470_MR_d2828
gender,val,OAS30489_MR_d0012
gender,val,OAS30497_MR_d0056
gender,val,OAS30499_MR_d0067
gender,val,OAS30499_MR_d1164
gender,val,OAS30499_MR_d2296
gender,val,OAS30499_MR_d3468
gender,val,OAS30500_MR_d0093
gender,val,OAS30500_MR_d1297
gender,val,OAS30516_MR_d0225
gender,val,OAS30516_MR_d1800
gender,val,OAS30516_MR_d2706
gender,val,OAS30516_MR_d4192
gender,val,OAS30516_MR_d5317
gender,val,OAS30524_MR_d0198
gender,val,OAS30530_MR_d0119
gender,val,OAS30530_MR_d0522
gender,val,OAS30534_MR_d0474
gender,val,OAS30534_MR_d1174
gender,val,OAS30534_MR_d2374
gender,val,OAS30534_MR_d3728
gender,val,OAS30535_MR_d0139
gender,val,OAS30535_MR_d1329
gender,val,OAS30535_MR_d1336
gender,val,OAS30535_MR_d2624
gender,val,OAS30535_MR_d2911
gender,val,OAS30549_MR_d1244
gender,val,OAS30550_MR_d0070
gender,val,OAS30555_MR_d2548
gender,val,OAS30562_MR_d0030
gender,val,OAS30562_MR_d0494
gender,val,OAS30562_MR_d2363
gender,val,OAS30562_MR_d3383
gender,val,OAS30563_MR_d0866
gender,val,OAS30563_MR_d1318
gender,val,OAS30570_MR_d0099
gender,val,OAS30578_MR_d0130
gender,val,OAS30649_MR_d0098
gender,val,OAS30737_MR_d0035
gender,val,OAS30581_MR_d0104
gender,val,OAS30581_MR_d1374
gender,val,OAS30581_MR_d3917
gender,val,OAS30616_MR_d0199
gender,val,OAS30617_MR_d0073
gender,val,OAS30668_MR_d0597
gender,val,OAS30668_MR_d1153
gender,val,OAS30668_MR_d2432
gender,val,OAS30668_MR_d3574
gender,val,OAS30671_MR_d0267
gender,val,OAS30671_MR_d1122
gender,val,OAS30671_MR_d2486
gender,val,OAS30671_MR_d3613
gender,val,OAS30672_MR_d0107
gender,val,OAS30672_MR_d0966
gender,val,OAS30680_MR_d6255
gender,val,OAS30728_MR_d0516
gender,val,OAS30737_MR_d1137
gender,val,OAS30691_MR_d0056
gender,val,OAS30701_MR_d0054
gender,val,OAS30701_MR_d1333
gender,val,OAS30701_MR_d2371
gender,val,OAS30701_MR_d3293
gender,val,OAS30709_MR_d0026
gender,val,OAS30709_MR_d1365
gender,val,OAS30709_MR_d2096
gender,val,OAS30764_MR_d0055
gender,val,OAS30788_MR_d0201
gender,val,OAS30788_MR_d1136
gender,val,OAS30788_MR_d2927
gender,val,OAS30793_MR_d1343
gender,val,OAS30797_MR_d0426
gender,val,OAS30797_MR_d1375
gender,val,OAS30797_MR_d3465
gender,val,OAS30803_MR_d0086
gender,val,OAS30803_MR_d1966
gender,val,OAS30803_MR_d3424
gender,val,OAS30803_MR_d3579
gender,val,OAS30803_MR_d4473
gender,val,OAS30803_MR_d5619
gender,val,OAS30823_MR_d0055
gender,val,OAS30823_MR_d0849
gender,val,OAS30823_MR_d1309
gender,val,OAS30823_MR_d2277
gender,val,OAS30823_MR_d2722
gender,val,OAS30834_MR_d0098
gender,val,OAS30840_MR_d0042
gender,val,OAS30854_MR_d0069
gender,val,OAS30854_MR_d1385
gender,val,OAS30854_MR_d2339
gender,val,OAS30863_MR_d1260
gender,val,OAS30863_MR_d1607
gender,val,OAS30863_MR_d4148
gender,val,OAS30867_MR_d0161
gender,val,OAS30867_MR_d0647
gender,val,OAS30867_MR_d1398
gender,val,OAS30867_MR_d1764
gender,val,OAS30867_MR_d2660
gender,val,OAS30867_MR_d4407
gender,val,OAS30873_MR_d0026
gender,val,OAS30885_MR_d0075
gender,val,OAS30891_MR_d0213
gender,val,OAS30948_MR_d0076
gender,val,OAS31144_MR_d0072
gender,val,OAS31150_MR_d0073
gender,val,OAS31150_MR_d1416
gender,val,OAS31150_MR_d2604
gender,val,OAS31170_MR_d2410
gender,val,OAS31050_MR_d0109
gender,val,OAS31052_MR_d0093
gender,val,OAS31114_MR_d0695
gender,val,OAS31114_MR_d1442
gender,val,OAS31114_MR_d1864
gender,val,OAS31114_MR_d2644
gender,val,OAS31114_MR_d2658
gender,val,OAS31114_MR_d3002
gender,val,OAS31114_MR_d3338
gender,val,OAS31114_MR_d3479
gender,val,OAS31114_MR_d4375
gender,val,OAS31117_MR_d0073
gender,val,OAS31132_MR_d2580
gender,val,OAS31132_MR_d3163
gender,val,OAS31132_MR_d3392
gender,val,OAS31132_MR_d3576
gender,val,OAS31132_MR_d4297
gender,val,OAS31137_MR_d3443
gender,val,OAS31137_MR_d4519
gender,val,OAS31137_MR_d5508
gender,val,OAS31137_MR_d5544
gender,val,OAS30965_MR_d0434
gender,val,OAS30992_MR_d0016
gender,val,OAS30994_MR_d0070
gender,val,OAS30995_MR_d0054
gender,val,OAS31001_MR_d0425
gender,val,OAS31001_MR_d1079
gender,val,OAS31001_MR_d3394
gender,val,OAS31001_MR_d4543
gender,val,OAS31007_MR_d0304
gender,val,OAS31013_MR_d0039
gender,val,OAS31013_MR_d0067
gender,val,OAS31013_MR_d0628
gender,val,OAS31013_MR_d1656
gender,val,OAS31021_MR_d0049
gender,val,OAS31021_MR_d1318
gender,val,OAS31021_MR_d2281
gender,val,OAS31033_MR_d0002
gender,val,OAS31086_MR_d0065
gender,val,OAS31096_MR_d1308
gender,val,OAS31099_MR_d0900
gender,val,OAS31099_MR_d3526
gender,val,OAS31099_MR_d4993
gender,val,OAS31177_MR_d0022
gender,val,OAS31177_MR_d0149
gender,val,OAS31322_MR_d0105
gender,val,OAS31205_MR_d0077
gender,val,OAS31215_MR_d0063
gender,val,OAS31215_MR_d0189
gender,val,OAS31217_MR_d0118
gender,val,OAS31217_MR_d0119
gender,val,OAS31231_MR_d0035
gender,val,OAS31232_MR_d0124
gender,val,OAS31232_MR_d0159
gender,val,OAS31239_MR_d0048
gender,val,OAS31249_MR_d0063
gender,val,OAS31249_MR_d0153
gender,val,OAS31257_MR_d0097
gender,val,OAS31261_MR_d0095
gender,val,OAS31261_MR_d0152
gender,val,OAS31293_MR_d0084
gender,val,OAS31305_MR_d0112
gender,val,OAS31318_MR_d0155
gender,val,OAS31318_MR_d0156
gender,val,OAS31319_MR_d0075
gender,val,OAS31319_MR_d0259
gender,val,OAS31358_MR_d0239
gender,val,OAS31365_MR_d0033
gender,val,OAS31372_MR_d1245
gender,val,OAS31376_MR_d1213
gender,val,OAS31395_MR_d0044
gender,val,OAS31402_MR_d0104
gender,val,OAS31407_MR_d0098
gender,val,OAS31415_MR_d0070
gender,val,OAS31418_MR_d0068
gender,val,OAS30008_MR_d3336
gender,val,OAS30797_MR_d4575
gender,test,OAS30052_MR_d0693
gender,test,OAS30117_MR_d5243
gender,test,OAS30185_MR_d4551
gender,test,OAS30185_MR_d6000
gender,test,OAS30248_MR_d0078
gender,test,OAS30052_MR_d1296
gender,test,OAS30116_MR_d0017
gender,test,OAS30185_MR_d3787
gender,test,OAS30117_MR_d4155
gender,test,OAS30117_MR_d2034
gender,test,OAS30187_MR_d0070
gender,test,OAS30052_MR_d2709
gender,test,OAS30187_MR_d1210
gender,test,OAS30052_MR_d2737
gender,test,OAS30119_MR_d3722
gender,test,OAS30248_MR_d2017
gender,test,OAS30119_MR_d3260
gender,test,OAS30119_MR_d1209
gender,test,OAS30052_MR_d4235
gender,test,OAS30053_MR_d0428
gender,test,OAS30119_MR_d2415
gender,test,OAS30248_MR_d1191
gender,test,OAS30190_MR_d0082
gender,test,OAS30018_MR_d0893
gender,test,OAS30249_MR_d0091
gender,test,OAS30018_MR_d0070
gender,test,OAS30249_MR_d1238
gender,test,OAS30061_MR_d0035
gender,test,OAS30192_MR_d1409
gender,test,OAS30122_MR_d0136
gender,test,OAS30062_MR_d3432
gender,test,OAS30062_MR_d3469
gender,test,OAS30062_MR_d0087
gender,test,OAS30249_MR_d1952
gender,test,OAS30249_MR_d4416
gender,test,OAS30062_MR_d4097
gender,test,OAS30062_MR_d1134
gender,test,OAS30062_MR_d1745
gender,test,OAS30249_MR_d3431
gender,test,OAS30021_MR_d0071
gender,test,OAS30062_MR_d4447
gender,test,OAS30249_MR_d5650
gender,test,OAS30027_MR_d0433
gender,test,OAS30027_MR_d1300
gender,test,OAS30027_MR_d2394
gender,test,OAS30030_MR_d0170
gender,test,OAS30034_MR_d0044
gender,test,OAS30036_MR_d0059
gender,test,OAS30036_MR_d1199
gender,test,OAS30046_MR_d0072
gender,test,OAS30046_MR_d0848
gender,test,OAS30046_MR_d1968
gender,test,OAS30072_MR_d0218
gender,test,OAS30072_MR_d1379
gender,test,OAS30072_MR_d2219
gender,test,OAS30075_MR_d0143
gender,test,OAS30075_MR_d0148
gender,test,OAS30075_MR_d0442
gender,test,OAS30075_MR_d0967
gender,test,OAS30076_MR_d0534
gender,test,OAS30076_MR_d1735
gender,test,OAS30138_MR_d0074
gender,test,OAS30246_MR_d0119
gender,test,OAS30246_MR_d0746
gender,test,OAS30246_MR_d1591
gender,test,OAS30246_MR_d2354
gender,test,OAS30253_MR_d2541
gender,test,OAS30253_MR_d3490
gender,test,OAS30095_MR_d0033
gender,test,OAS30101_MR_d0101
gender,test,OAS30101_MR_d0919
gender,test,OAS30101_MR_d2650
gender,test,OAS30105_MR_d0056
gender,test,OAS30105_MR_d1228
gender,test,OAS30110_MR_d0155
gender,test,OAS30129_MR_d0055
gender,test,OAS30129_MR_d1271
gender,test,OAS30129_MR_d1272
gender,test,OAS30145_MR_d3506
gender,test,OAS30145_MR_d4247
gender,test,OAS30146_MR_d0272
gender,test,OAS30146_MR_d1042
gender,test,OAS30146_MR_d2309
gender,test,OAS30146_MR_d3322
gender,test,OAS30147_MR_d0048
gender,test,OAS30152_MR_d0111
gender,test,OAS30153_MR_d2220
gender,test,OAS30156_MR_d0000
gender,test,OAS30156_MR_d0503
gender,test,OAS30158_MR_d2467
gender,test,OAS30164_MR_d0233
gender,test,OAS30165_MR_d0563
gender,test,OAS30165_MR_d1763
gender,test,OAS30168_MR_d0059
gender,test,OAS30168_MR_d1268
gender,test,OAS30169_MR_d0282
gender,test,OAS30225_MR_d0482
gender,test,OAS30228_MR_d0090
gender,test,OAS30228_MR_d1211
gender,test,OAS30230_MR_d3855
gender,test,OAS30235_MR_d0139
gender,test,OAS30235_MR_d1175
gender,test,OAS30239_MR_d0175
gender,test,OAS30170_MR_d0005
gender,test,OAS30180_MR_d0051
gender,test,OAS30183_MR_d0082
gender,test,OAS30195_MR_d0193
gender,test,OAS30195_MR_d1596
gender,test,OAS30200_MR_d0075
gender,test,OAS30202_MR_d0175
gender,test,OAS30210_MR_d0047
gender,test,OAS30253_MR_d3948
gender,test,OAS30253_MR_d4746
gender,test,OAS30267_MR_d0043
gender,test,OAS30274_MR_d0605
gender,test,OAS30274_MR_d3332
gender,test,OAS30289_MR_d0160
gender,test,OAS30294_MR_d0462
gender,test,OAS30300_MR_d0100
gender,test,OAS30303_MR_d0910
gender,test,OAS30303_MR_d1948
gender,test,OAS30303_MR_d2650
gender,test,OAS30706_MR_d0060
gender,test,OAS30310_MR_d0191
gender,test,OAS30317_MR_d0088
gender,test,OAS30318_MR_d2975
gender,test,OAS30318_MR_d3298
gender,test,OAS30328_MR_d0105
gender,test,OAS30328_MR_d0470
gender,test,OAS30328_MR_d1274
gender,test,OAS30374_MR_d0084
gender,test,OAS30379_MR_d1169
gender,test,OAS30379_MR_d2106
gender,test,OAS30335_MR_d0693
gender,test,OAS30335_MR_d1482
gender,test,OAS30335_MR_d2770
gender,test,OAS30335_MR_d2783
gender,test,OAS30335_MR_d3812
gender,test,OAS30336_MR_d0012
gender,test,OAS30336_MR_d0244
gender,test,OAS30336_MR_d1264
gender,test,OAS30337_MR_d0064
gender,test,OAS30337_MR_d1204
gender,test,OAS30344_MR_d0049
gender,test,OAS30344_MR_d1052
gender,test,OAS30345_MR_d0087
gender,test,OAS30348_MR_d0077
gender,test,OAS30352_MR_d0099
gender,test,OAS30353_MR_d0963
gender,test,OAS30353_MR_d2635
gender,test,OAS30353_MR_d3421
gender,test,OAS30353_MR_d4450
gender,test,OAS30361_MR_d1457
gender,test,OAS30361_MR_d2151
gender,test,OAS30361_MR_d3275
gender,test,OAS30368_MR_d0056
gender,test,OAS30368_MR_d2379
gender,test,OAS30368_MR_d2750
gender,test,OAS30368_MR_d3990
gender,test,OAS30370_MR_d0141
gender,test,OAS30372_MR_d3464
gender,test,OAS30372_MR_d4514
gender,test,OAS30387_MR_d0616
gender,test,OAS30387_MR_d1832
gender,test,OAS30387_MR_d3401
gender,test,OAS30394_MR_d0039
gender,test,OAS30397_MR_d0043
gender,test,OAS30411_MR_d0183
gender,test,OAS30411_MR_d1227
gender,test,OAS30411_MR_d3011
gender,test,OAS30411_MR_d3025
gender,test,OAS30411_MR_d4368
gender,test,OAS30411_MR_d5564
gender,test,OAS30414_MR_d0037
gender,test,OAS30414_MR_d0363
gender,test,OAS30414_MR_d1175
gender,test,OAS30414_MR_d2163
gender,test,OAS30424_MR_d0095
gender,test,OAS30432_MR_d0100
gender,test,OAS30432_MR_d2137
gender,test,OAS30433_MR_d1954
gender,test,OAS30435_MR_d0054
gender,test,OAS30458_MR_d0063
gender,test,OAS30438_MR_d0064
gender,test,OAS30438_MR_d0897
gender,test,OAS30438_MR_d2358
gender,test,OAS30438_MR_d3254
gender,test,OAS30444_MR_d0001
gender,test,OAS30444_MR_d1471
gender,test,OAS30445_MR_d0133
gender,test,OAS30445_MR_d1279
gender,test,OAS30453_MR_d0077
gender,test,OAS30458_MR_d0070
gender,test,OAS30458_MR_d0481
gender,test,OAS30458_MR_d1174
gender,test,OAS30458_MR_d2318
gender,test,OAS30465_MR_d0152
gender,test,OAS30465_MR_d1030
gender,test,OAS30477_MR_d0069
gender,test,OAS30487_MR_d0064
gender,test,OAS30487_MR_d1338
gender,test,OAS30487_MR_d2165
gender,test,OAS30487_MR_d3605
gender,test,OAS30494_MR_d0059
gender,test,OAS30494_MR_d4030
gender,test,OAS30495_MR_d0052
gender,test,OAS30498_MR_d0132
gender,test,OAS30505_MR_d4103
gender,test,OAS30505_MR_d4682
gender,test,OAS30505_MR_d5746
gender,test,OAS30506_MR_d1039
gender,test,OAS30506_MR_d2206
gender,test,OAS30509_MR_d0153
gender,test,OAS30781_MR_d0048
gender,test,OAS30527_MR_d0000
gender,test,OAS30527_MR_d0006
gender,test,OAS30551_MR_d0104
gender,test,OAS30551_MR_d1310
gender,test,OAS30977_MR_d0404
gender,test,OAS30564_MR_d0000
gender,test,OAS30564_MR_d0432
gender,test,OAS30564_MR_d1664
gender,test,OAS30564_MR_d2808
gender,test,OAS30571_MR_d0120
gender,test,OAS30571_MR_d2331
gender,test,OAS30571_MR_d3528
gender,test,OAS30637_MR_d0079
gender,test,OAS30637_MR_d1185
gender,test,OAS30637_MR_d1186
gender,test,OAS30641_MR_d0585
gender,test,OAS30656_MR_d1638
gender,test,OAS30656_MR_d2737
gender,test,OAS30662_MR_d1483
gender,test,OAS30662_MR_d2080
gender,test,OAS30662_MR_d3095
gender,test,OAS30665_MR_d4735
gender,test,OAS30583_MR_d0085
gender,test,OAS30586_MR_d0070
gender,test,OAS30586_MR_d0749
gender,test,OAS30586_MR_d1149
gender,test,OAS30587_MR_d4511
gender,test,OAS30592_MR_d0087
gender,test,OAS30593_MR_d4025
gender,test,OAS30597_MR_d0234
gender,test,OAS30597_MR_d1871
gender,test,OAS30597_MR_d3137
gender,test,OAS30597_MR_d4209
gender,test,OAS30600_MR_d1176
gender,test,OAS30600_MR_d3618
gender,test,OAS30603_MR_d0811
gender,test,OAS30603_MR_d2253
gender,test,OAS30608_MR_d0722
gender,test,OAS30608_MR_d1272
gender,test,OAS30608_MR_d2527
gender,test,OAS30608_MR_d3984
gender,test,OAS30608_MR_d5006
gender,test,OAS30610_MR_d0079
gender,test,OAS30618_MR_d0059
gender,test,OAS30621_MR_d0452
gender,test,OAS30666_MR_d0211
gender,test,OAS30673_MR_d0556
gender,test,OAS30673_MR_d1135
gender,test,OAS30673_MR_d2417
gender,test,OAS30673_MR_d2418
gender,test,OAS30673_MR_d3206
gender,test,OAS30673_MR_d3803
gender,test,OAS30729_MR_d3628
gender,test,OAS30729_MR_d4384
gender,test,OAS30729_MR_d6253
gender,test,OAS30741_MR_d3184
gender,test,OAS30682_MR_d0465
gender,test,OAS30686_MR_d0030
gender,test,OAS30693_MR_d0032
gender,test,OAS30694_MR_d0180
gender,test,OAS30694_MR_d0779
gender,test,OAS30703_MR_d0076
gender,test,OAS30703_MR_d0588
gender,test,OAS30703_MR_d1120
gender,test,OAS30706_MR_d1228
gender,test,OAS30714_MR_d0444
gender,test,OAS30715_MR_d0060
gender,test,OAS30715_MR_d0061
gender,test,OAS30715_MR_d1230
gender,test,OAS30715_MR_d2444
gender,test,OAS30721_MR_d0062
gender,test,OAS30721_MR_d0396
gender,test,OAS30726_MR_d0061
gender,test,OAS30726_MR_d0558
gender,test,OAS30742_MR_d0058
gender,test,OAS30742_MR_d1932
gender,test,OAS30742_MR_d3387
gender,test,OAS30742_MR_d3401
gender,test,OAS30742_MR_d3619
gender,test,OAS30742_MR_d3766
gender,test,OAS30742_MR_d4551
gender,test,OAS30757_MR_d2279
gender,test,OAS30757_MR_d2649
gender,test,OAS30757_MR_d3882
gender,test,OAS30759_MR_d0063
gender,test,OAS30759_MR_d1408
gender,test,OAS30759_MR_d1442
gender,test,OAS30760_MR_d3837
gender,test,OAS30769_MR_d0039
gender,test,OAS30769_MR_d1547
gender,test,OAS30769_MR_d2231
gender,test,OAS30769_MR_d3319
gender,test,OAS30774_MR_d0573
gender,test,OAS30779_MR_d0065
gender,test,OAS30780_MR_d0055
gender,test,OAS30780_MR_d1044
gender,test,OAS30781_MR_d0971
gender,test,OAS30790_MR_d1461
gender,test,OAS30791_MR_d1422
gender,test,OAS30791_MR_d2794
gender,test,OAS30794_MR_d1680
gender,test,OAS30794_MR_d2633
gender,test,OAS30794_MR_d3513
gender,test,OAS30794_MR_d4550
gender,test,OAS30794_MR_d5548
gender,test,OAS30794_MR_d6661
gender,test,OAS30795_MR_d0380
gender,test,OAS30800_MR_d0029
gender,test,OAS30812_MR_d0055
gender,test,OAS30814_MR_d0144
gender,test,OAS30814_MR_d1152
gender,test,OAS30817_MR_d0236
gender,test,OAS30817_MR_d1254
gender,test,OAS30817_MR_d2324
gender,test,OAS30826_MR_d0217
gender,test,OAS30828_MR_d1520
gender,test,OAS30935_MR_d0201
gender,test,OAS30828_MR_d1736
gender,test,OAS30830_MR_d0030
gender,test,OAS30835_MR_d0709
gender,test,OAS30835_MR_d1864
gender,test,OAS30842_MR_d0526
gender,test,OAS30842_MR_d1298
gender,test,OAS30842_MR_d1299
gender,test,OAS30844_MR_d0035
gender,test,OAS30845_MR_d0068
gender,test,OAS30845_MR_d1266
gender,test,OAS30846_MR_d0160
gender,test,OAS30846_MR_d1101
gender,test,OAS30846_MR_d1136
gender,test,OAS30850_MR_d0198
gender,test,OAS30852_MR_d2307
gender,test,OAS30852_MR_d3014
gender,test,OAS30852_MR_d3983
gender,test,OAS30852_MR_d6963
gender,test,OAS30852_MR_d7830
gender,test,OAS30855_MR_d0741
gender,test,OAS30855_MR_d3346
gender,test,OAS30855_MR_d6166
gender,test,OAS30858_MR_d0060
gender,test,OAS30858_MR_d1071
gender,test,OAS30858_MR_d2100
gender,test,OAS30858_MR_d3318
gender,test,OAS30858_MR_d4129
gender,test,OAS30860_MR_d0134
gender,test,OAS30860_MR_d0638
gender,test,OAS30861_MR_d0101
gender,test,OAS30861_MR_d1702
gender,test,OAS30862_MR_d3654
gender,test,OAS30883_MR_d0282
gender,test,OAS30883_MR_d0842
gender,test,OAS30899_MR_d0070
gender,test,OAS30899_MR_d0072
gender,test,OAS30899_MR_d1616
gender,test,OAS30899_MR_d2324
gender,test,OAS30899_MR_d2471
gender,test,OAS30901_MR_d0155
gender,test,OAS30906_MR_d0035
gender,test,OAS30910_MR_d0090
gender,test,OAS30910_MR_d1028
gender,test,OAS30920_MR_d0155
gender,test,OAS30920_MR_d1125
gender,test,OAS30920_MR_d1924
gender,test,OAS30930_MR_d0414
gender,test,OAS30930_MR_d0900
gender,test,OAS30931_MR_d0489
gender,test,OAS30935_MR_d0427
gender,test,OAS30936_MR_d5756
gender,test,OAS30936_MR_d6301
gender,test,OAS30936_MR_d6483
gender,test,OAS30936_MR_d7225
gender,test,OAS30938_MR_d0095
gender,test,OAS30938_MR_d0249
gender,test,OAS30938_MR_d1242
gender,test,OAS30938_MR_d2411
gender,test,OAS30950_MR_d0063
gender,test,OAS30954_MR_d0182
gender,test,OAS30959_MR_d0714
gender,test,OAS30959_MR_d1301
gender,test,OAS30959_MR_d2684
gender,test,OAS30959_MR_d2692
gender,test,OAS30959_MR_d3174
gender,test,OAS30959_MR_d3385
gender,test,OAS30959_MR_d4116
gender,test,OAS30959_MR_d4631
gender,test,OAS30959_MR_d4632
gender,test,OAS31148_MR_d0254
gender,test,OAS31148_MR_d1997
gender,test,OAS31149_MR_d0061
gender,test,OAS31149_MR_d1386
gender,test,OAS31152_MR_d0092
gender,test,OAS31165_MR_d0426
gender,test,OAS31165_MR_d1122
gender,test,OAS31166_MR_d0947
gender,test,OAS30960_MR_d0061
gender,test,OAS30960_MR_d0831
gender,test,OAS30960_MR_d2110
gender,test,OAS30960_MR_d3518
gender,test,OAS30960_MR_d3686
gender,test,OAS30960_MR_d4513
gender,test,OAS30960_MR_d5864
gender,test,OAS31113_MR_d0033
gender,test,OAS31113_MR_d0881
gender,test,OAS31119_MR_d0069
gender,test,OAS31119_MR_d1493
gender,test,OAS31119_MR_d2757
gender,test,OAS31131_MR_d0101
gender,test,OAS31139_MR_d0533
gender,test,OAS31139_MR_d1568
gender,test,OAS31141_MR_d0106
gender,test,OAS30968_MR_d0166
gender,test,OAS30968_MR_d1537
gender,test,OAS30975_MR_d0008
gender,test,OAS30978_MR_d0041
gender,test,OAS30978_MR_d0059
gender,test,OAS30978_MR_d0425
gender,test,OAS30978_MR_d1207
gender,test,OAS30978_MR_d2118
gender,test,OAS30980_MR_d0659
gender,test,OAS30987_MR_d0965
gender,test,OAS30990_MR_d0107
gender,test,OAS31037_MR_d6061
gender,test,OAS31040_MR_d0067
gender,test,OAS31040_MR_d1326
gender,test,OAS31040_MR_d1328
gender,test,OAS31045_MR_d1257
gender,test,OAS31045_MR_d1901
gender,test,OAS31046_MR_d0473
gender,test,OAS31046_MR_d1260
gender,test,OAS31046_MR_d2360
gender,test,OAS30996_MR_d4705
gender,test,OAS30996_MR_d5818
gender,test,OAS31000_MR_d0072
gender,test,OAS31008_MR_d0142
gender,test,OAS31010_MR_d0086
gender,test,OAS31014_MR_d0133
gender,test,OAS31014_MR_d1363
gender,test,OAS31014_MR_d2235
gender,test,OAS31014_MR_d3555
gender,test,OAS31023_MR_d0070
gender,test,OAS31023_MR_d0225
gender,test,OAS31023_MR_d2441
gender,test,OAS31023_MR_d2484
gender,test,OAS31023_MR_d3561
gender,test,OAS31029_MR_d2448
gender,test,OAS31037_MR_d3295
gender,test,OAS31037_MR_d3770
gender,test,OAS31037_MR_d4395
gender,test,OAS31068_MR_d1547
gender,test,OAS31068_MR_d2654
gender,test,OAS31068_MR_d3484
gender,test,OAS31073_MR_d0196
gender,test,OAS31073_MR_d0779
gender,test,OAS31073_MR_d2443
gender,test,OAS31073_MR_d3760
gender,test,OAS31091_MR_d3949
gender,test,OAS31093_MR_d0063
gender,test,OAS31101_MR_d0076
gender,test,OAS31101_MR_d2286
gender,test,OAS31108_MR_d3850
gender,test,OAS31108_MR_d4795
gender,test,OAS31111_MR_d0246
gender,test,OAS31111_MR_d1108
gender,test,OAS31111_MR_d3618
gender,test,OAS31180_MR_d0161
gender,test,OAS31180_MR_d0162
gender,test,OAS31184_MR_d0056
gender,test,OAS31185_MR_d0172
gender,test,OAS31185_MR_d0199
gender,test,OAS31198_MR_d0119
gender,test,OAS31198_MR_d0120
gender,test,OAS31213_MR_d0114
gender,test,OAS31218_MR_d0067
gender,test,OAS31233_MR_d0246
gender,test,OAS31234_MR_d0209
gender,test,OAS31234_MR_d0210
gender,test,OAS31243_MR_d0011
gender,test,OAS31243_MR_d0116
gender,test,OAS31294_MR_d0021
gender,test,OAS31245_MR_d0133
gender,test,OAS31265_MR_d0028
gender,test,OAS31271_MR_d0119
gender,test,OAS31271_MR_d0139
gender,test,OAS31273_MR_d0052
gender,test,OAS31281_MR_d0055
gender,test,OAS31282_MR_d0036
gender,test,OAS31297_MR_d0035
gender,test,OAS31301_MR_d0085
gender,test,OAS31301_MR_d0086
gender,test,OAS31320_MR_d0036
gender,test,OAS31330_MR_d0229
gender,test,OAS31348_MR_d0100
gender,test,OAS31348_MR_d0164
gender,test,OAS31360_MR_d0158
gender,test,OAS31360_MR_d0159
gender,test,OAS31374_MR_d0306
gender,test,OAS31383_MR_d0148
gender,test,OAS31388_MR_d0026
gender,test,OAS31390_MR_d0060
gender,test,OAS31393_MR_d0125
gender,test,OAS31394_MR_d0056
gender,test,OAS31396_MR_d0068
gender,test,OAS31400_MR_d0073
gender,test,OAS31406_MR_d0129
gender,test,OAS31421_MR_d0068
gender,test,OAS31423_MR_d0046
gender,test,OAS31433_MR_d0061
gender,test,OAS31435_MR_d0071
gender,test,OAS31446_MR_d0070
gender,test,OAS31458_MR_d0030
gender,test,OAS31465_MR_d0089
gender,test,OAS31470_MR_d0007
gender,test,OAS31472_MR_d0045
gender,test,OAS30339_MR_d0066
gender,test,OAS30978_MR_d2117
